ua_name,ua_id,state,county,tract,block,block_geoid
"Brunswick, GA",11026,13,127,000404,3030,131270004043030
"Brunswick, GA",11026,13,127,000404,3029,131270004043029
"Brunswick, GA",11026,13,127,000401,3038,131270004013038
"Brunswick, GA",11026,13,127,000404,2014,131270004042014
"Brunswick, GA",11026,13,127,000404,2022,131270004042022
"Brunswick, GA",11026,13,127,000404,3021,131270004043021
"Brunswick, GA",11026,13,127,000700,8029,131270007008029
"Brunswick, GA",11026,13,127,000503,2015,131270005032015
"Brunswick, GA",11026,13,127,000700,7020,131270007007020
"Brunswick, GA",11026,13,127,000800,1034,131270008001034
"Brunswick, GA",11026,13,127,000700,2053,131270007002053
"Brunswick, GA",11026,13,127,000700,2056,131270007002056
"Brunswick, GA",11026,13,127,000700,2055,131270007002055
"Brunswick, GA",11026,13,127,000700,2054,131270007002054
"Brunswick, GA",11026,13,127,000600,2016,131270006002016
"Brunswick, GA",11026,13,127,000600,2010,131270006002010
"Brunswick, GA",11026,13,127,000600,2009,131270006002009
"Brunswick, GA",11026,13,127,000504,2006,131270005042006
"Brunswick, GA",11026,13,127,000700,1002,131270007001002
"Brunswick, GA",11026,13,127,000504,3010,131270005043010
"Brunswick, GA",11026,13,127,000700,6075,131270007006075
"Brunswick, GA",11026,13,127,000700,6078,131270007006078
"Brunswick, GA",11026,13,127,000503,2009,131270005032009
"Brunswick, GA",11026,13,127,000700,1054,131270007001054
"Brunswick, GA",11026,13,127,000501,2013,131270005012013
"Brunswick, GA",11026,13,127,000600,1026,131270006001026
"Brunswick, GA",11026,13,127,000600,1045,131270006001045
"Brunswick, GA",11026,13,127,000600,3022,131270006003022
"Brunswick, GA",11026,13,127,000700,6029,131270007006029
"Brunswick, GA",11026,13,127,000700,6036,131270007006036
"Brunswick, GA",11026,13,127,000700,6033,131270007006033
"Brunswick, GA",11026,13,127,000800,4000,131270008004000
"Brunswick, GA",11026,13,127,000501,1017,131270005011017
"Brunswick, GA",11026,13,127,000800,2001,131270008002001
"Brunswick, GA",11026,13,127,000800,4023,131270008004023
"Brunswick, GA",11026,13,127,000800,4002,131270008004002
"Brunswick, GA",11026,13,127,000800,2017,131270008002017
"Brunswick, GA",11026,13,127,000800,4044,131270008004044
"Brunswick, GA",11026,13,127,000401,3037,131270004013037
"Brunswick, GA",11026,13,127,001000,2072,131270010002072
"Brunswick, GA",11026,13,127,001000,4255,131270010004255
"Brunswick, GA",11026,13,127,000404,3089,131270004043089
"Brunswick, GA",11026,13,127,000404,3111,131270004043111
"Brunswick, GA",11026,13,127,000401,2100,131270004012100
"Brunswick, GA",11026,13,127,000401,3016,131270004013016
"Brunswick, GA",11026,13,127,000404,2006,131270004042006
"Brunswick, GA",11026,13,127,000700,5011,131270007005011
"Brunswick, GA",11026,13,127,000700,5001,131270007005001
"Brunswick, GA",11026,13,127,000700,2038,131270007002038
"Brunswick, GA",11026,13,127,000700,5008,131270007005008
"Brunswick, GA",11026,13,127,000700,5007,131270007005007
"Brunswick, GA",11026,13,127,000900,2045,131270009002045
"Brunswick, GA",11026,13,127,000700,1016,131270007001016
"Brunswick, GA",11026,13,127,000503,3027,131270005033027
"Brunswick, GA",11026,13,127,000700,3012,131270007003012
"Brunswick, GA",11026,13,127,000501,2056,131270005012056
"Brunswick, GA",11026,13,127,000700,3013,131270007003013
"Brunswick, GA",11026,13,127,000700,3018,131270007003018
"Brunswick, GA",11026,13,127,000501,3068,131270005013068
"Brunswick, GA",11026,13,127,000700,8004,131270007008004
"Brunswick, GA",11026,13,127,000700,8022,131270007008022
"Brunswick, GA",11026,13,127,000700,1009,131270007001009
"Brunswick, GA",11026,13,127,000800,2050,131270008002050
"Brunswick, GA",11026,13,127,000700,7030,131270007007030
"Brunswick, GA",11026,13,127,000800,2000,131270008002000
"Brunswick, GA",11026,13,127,000800,4020,131270008004020
"Brunswick, GA",11026,13,127,000800,4019,131270008004019
"Brunswick, GA",11026,13,127,000800,4028,131270008004028
"Brunswick, GA",11026,13,127,000800,2019,131270008002019
"Brunswick, GA",11026,13,127,000800,3004,131270008003004
"Brunswick, GA",11026,13,127,000800,3005,131270008003005
"Brunswick, GA",11026,13,127,000800,1023,131270008001023
"Brunswick, GA",11026,13,127,000800,1024,131270008001024
"Brunswick, GA",11026,13,127,001000,2127,131270010002127
"Brunswick, GA",11026,13,127,000600,3028,131270006003028
"Brunswick, GA",11026,13,127,000600,3018,131270006003018
"Brunswick, GA",11026,13,127,000501,3036,131270005013036
"Brunswick, GA",11026,13,127,000501,3040,131270005013040
"Brunswick, GA",11026,13,127,000700,1008,131270007001008
"Brunswick, GA",11026,13,127,000800,2020,131270008002020
"Brunswick, GA",11026,13,127,000800,4036,131270008004036
"Brunswick, GA",11026,13,127,000800,2014,131270008002014
"Brunswick, GA",11026,13,127,000800,2029,131270008002029
"Brunswick, GA",11026,13,127,000800,3014,131270008003014
"Brunswick, GA",11026,13,127,000800,2034,131270008002034
"Brunswick, GA",11026,13,127,000401,1051,131270004011051
"Brunswick, GA",11026,13,127,000404,3034,131270004043034
"Brunswick, GA",11026,13,127,001000,3091,131270010003091
"Brunswick, GA",11026,13,127,001000,3057,131270010003057
"Brunswick, GA",11026,13,127,001000,4258,131270010004258
"Brunswick, GA",11026,13,127,001000,2121,131270010002121
"Brunswick, GA",11026,13,127,000401,3010,131270004013010
"Brunswick, GA",11026,13,127,000404,3013,131270004043013
"Brunswick, GA",11026,13,127,000401,1004,131270004011004
"Brunswick, GA",11026,13,127,000401,1035,131270004011035
"Brunswick, GA",11026,13,127,000401,1034,131270004011034
"Brunswick, GA",11026,13,127,000404,2029,131270004042029
"Brunswick, GA",11026,13,127,000700,7017,131270007007017
"Brunswick, GA",11026,13,127,000800,1053,131270008001053
"Brunswick, GA",11026,13,127,000800,1019,131270008001019
"Brunswick, GA",11026,13,127,000800,1072,131270008001072
"Brunswick, GA",11026,13,127,000900,5073,131270009005073
"Brunswick, GA",11026,13,127,000900,1021,131270009001021
"Brunswick, GA",11026,13,127,000503,2030,131270005032030
"Brunswick, GA",11026,13,127,000700,1043,131270007001043
"Brunswick, GA",11026,13,127,000503,3000,131270005033000
"Brunswick, GA",11026,13,127,000900,3009,131270009003009
"Brunswick, GA",11026,13,127,000900,1044,131270009001044
"Brunswick, GA",11026,13,127,000900,2026,131270009002026
"Brunswick, GA",11026,13,127,000900,2032,131270009002032
"Brunswick, GA",11026,13,127,000900,3046,131270009003046
"Brunswick, GA",11026,13,127,000900,2042,131270009002042
"Brunswick, GA",11026,13,127,000503,3008,131270005033008
"Brunswick, GA",11026,13,127,000900,4021,131270009004021
"Brunswick, GA",11026,13,127,000900,4039,131270009004039
"Brunswick, GA",11026,13,127,000900,4041,131270009004041
"Brunswick, GA",11026,13,127,000700,2015,131270007002015
"Brunswick, GA",11026,13,127,000700,2013,131270007002013
"Brunswick, GA",11026,13,127,000700,2025,131270007002025
"Brunswick, GA",11026,13,127,000700,2033,131270007002033
"Brunswick, GA",11026,13,127,000700,6026,131270007006026
"Brunswick, GA",11026,13,127,000700,6027,131270007006027
"Brunswick, GA",11026,13,127,000700,6025,131270007006025
"Brunswick, GA",11026,13,127,000700,6015,131270007006015
"Brunswick, GA",11026,13,127,000401,2099,131270004012099
"Brunswick, GA",11026,13,127,000401,1068,131270004011068
"Brunswick, GA",11026,13,127,000401,1045,131270004011045
"Brunswick, GA",11026,13,127,000404,3120,131270004043120
"Brunswick, GA",11026,13,127,000501,3030,131270005013030
"Brunswick, GA",11026,13,127,000501,3050,131270005013050
"Brunswick, GA",11026,13,127,000600,3002,131270006003002
"Brunswick, GA",11026,13,127,000800,1000,131270008001000
"Brunswick, GA",11026,13,127,000700,7008,131270007007008
"Brunswick, GA",11026,13,127,000800,3002,131270008003002
"Brunswick, GA",11026,13,127,000800,1042,131270008001042
"Brunswick, GA",11026,13,127,000600,1033,131270006001033
"Brunswick, GA",11026,13,127,000600,2003,131270006002003
"Brunswick, GA",11026,13,127,000600,1051,131270006001051
"Brunswick, GA",11026,13,127,000600,3011,131270006003011
"Brunswick, GA",11026,13,127,000600,4008,131270006004008
"Brunswick, GA",11026,13,127,000600,1034,131270006001034
"Brunswick, GA",11026,13,127,000600,4062,131270006004062
"Brunswick, GA",11026,13,127,000600,3014,131270006003014
"Brunswick, GA",11026,13,127,000600,3033,131270006003033
"Brunswick, GA",11026,13,127,000404,3039,131270004043039
"Brunswick, GA",11026,13,127,000403,1023,131270004031023
"Brunswick, GA",11026,13,127,000600,2023,131270006002023
"Brunswick, GA",11026,13,127,000700,1015,131270007001015
"Brunswick, GA",11026,13,127,000700,1035,131270007001035
"Brunswick, GA",11026,13,127,000700,1046,131270007001046
"Brunswick, GA",11026,13,127,000700,5024,131270007005024
"Brunswick, GA",11026,13,127,000700,3001,131270007003001
"Brunswick, GA",11026,13,127,000800,1069,131270008001069
"Brunswick, GA",11026,13,127,000800,3001,131270008003001
"Brunswick, GA",11026,13,127,000800,3006,131270008003006
"Brunswick, GA",11026,13,127,000900,1007,131270009001007
"Brunswick, GA",11026,13,127,000900,1015,131270009001015
"Brunswick, GA",11026,13,127,000900,1027,131270009001027
"Brunswick, GA",11026,13,127,000900,5083,131270009005083
"Brunswick, GA",11026,13,127,000900,2034,131270009002034
"Brunswick, GA",11026,13,127,000900,3012,131270009003012
"Brunswick, GA",11026,13,127,000900,3030,131270009003030
"Brunswick, GA",11026,13,127,000900,2038,131270009002038
"Brunswick, GA",11026,13,127,000900,2037,131270009002037
"Brunswick, GA",11026,13,127,000900,4007,131270009004007
"Brunswick, GA",11026,13,127,000900,4046,131270009004046
"Brunswick, GA",11026,13,127,000501,3037,131270005013037
"Brunswick, GA",11026,13,127,000503,3044,131270005033044
"Brunswick, GA",11026,13,127,000501,2068,131270005012068
"Brunswick, GA",11026,13,127,000700,5022,131270007005022
"Brunswick, GA",11026,13,127,000700,1023,131270007001023
"Brunswick, GA",11026,13,127,000700,4011,131270007004011
"Brunswick, GA",11026,13,127,000700,4013,131270007004013
"Brunswick, GA",11026,13,127,000501,3008,131270005013008
"Brunswick, GA",11026,13,127,000700,6081,131270007006081
"Brunswick, GA",11026,13,127,000501,3047,131270005013047
"Brunswick, GA",11026,13,127,001000,3014,131270010003014
"Brunswick, GA",11026,13,127,001000,3032,131270010003032
"Brunswick, GA",11026,13,127,001000,3010,131270010003010
"Brunswick, GA",11026,13,127,001000,3008,131270010003008
"Brunswick, GA",11026,13,127,001000,2192,131270010002192
"Brunswick, GA",11026,13,127,000700,3034,131270007003034
"Brunswick, GA",11026,13,127,000700,6043,131270007006043
"Brunswick, GA",11026,13,127,000700,3041,131270007003041
"Brunswick, GA",11026,13,127,000700,3046,131270007003046
"Brunswick, GA",11026,13,127,000700,3050,131270007003050
"Brunswick, GA",11026,13,127,000501,3011,131270005013011
"Brunswick, GA",11026,13,127,000503,2025,131270005032025
"Brunswick, GA",11026,13,127,000503,3016,131270005033016
"Brunswick, GA",11026,13,127,000700,7019,131270007007019
"Brunswick, GA",11026,13,127,000700,7024,131270007007024
"Brunswick, GA",11026,13,127,000501,1011,131270005011011
"Brunswick, GA",11026,13,127,000800,3028,131270008003028
"Brunswick, GA",11026,13,127,000800,2048,131270008002048
"Brunswick, GA",11026,13,127,000800,1020,131270008001020
"Brunswick, GA",11026,13,127,000800,1029,131270008001029
"Brunswick, GA",11026,13,127,000700,2004,131270007002004
"Brunswick, GA",11026,13,127,000700,2010,131270007002010
"Brunswick, GA",11026,13,127,000700,2000,131270007002000
"Brunswick, GA",11026,13,127,000700,6072,131270007006072
"Brunswick, GA",11026,13,127,000501,3034,131270005013034
"Brunswick, GA",11026,13,127,000700,2027,131270007002027
"Brunswick, GA",11026,13,127,000700,6024,131270007006024
"Brunswick, GA",11026,13,127,000700,2042,131270007002042
"Brunswick, GA",11026,13,127,000700,6050,131270007006050
"Brunswick, GA",11026,13,127,000700,3049,131270007003049
"Brunswick, GA",11026,13,127,000700,2009,131270007002009
"Brunswick, GA",11026,13,127,000700,5010,131270007005010
"Brunswick, GA",11026,13,127,000800,3013,131270008003013
"Brunswick, GA",11026,13,127,000503,2021,131270005032021
"Brunswick, GA",11026,13,127,000501,3007,131270005013007
"Brunswick, GA",11026,13,127,000501,3004,131270005013004
"Brunswick, GA",11026,13,127,000404,3074,131270004043074
"Brunswick, GA",11026,13,127,000401,3072,131270004013072
"Brunswick, GA",11026,13,127,000401,3032,131270004013032
"Brunswick, GA",11026,13,127,000401,3064,131270004013064
"Brunswick, GA",11026,13,127,000401,1019,131270004011019
"Brunswick, GA",11026,13,127,000401,1007,131270004011007
"Brunswick, GA",11026,13,127,000401,3025,131270004013025
"Brunswick, GA",11026,13,127,000404,3119,131270004043119
"Brunswick, GA",11026,13,127,000404,3128,131270004043128
"Brunswick, GA",11026,13,127,000501,3029,131270005013029
"Brunswick, GA",11026,13,127,000700,1064,131270007001064
"Brunswick, GA",11026,13,127,000700,1061,131270007001061
"Brunswick, GA",11026,13,127,000700,1063,131270007001063
"Brunswick, GA",11026,13,127,000700,1039,131270007001039
"Brunswick, GA",11026,13,127,000503,2003,131270005032003
"Brunswick, GA",11026,13,127,000700,1073,131270007001073
"Brunswick, GA",11026,13,127,000501,2015,131270005012015
"Brunswick, GA",11026,13,127,000401,1023,131270004011023
"Brunswick, GA",11026,13,127,000404,2034,131270004042034
"Brunswick, GA",11026,13,127,000401,1024,131270004011024
"Brunswick, GA",11026,13,127,001000,3044,131270010003044
"Brunswick, GA",11026,13,127,001000,2144,131270010002144
"Brunswick, GA",11026,13,127,000700,6003,131270007006003
"Brunswick, GA",11026,13,127,000700,6002,131270007006002
"Brunswick, GA",11026,13,127,000700,7013,131270007007013
"Brunswick, GA",11026,13,127,000600,4058,131270006004058
"Brunswick, GA",11026,13,127,000900,5021,131270009005021
"Brunswick, GA",11026,13,127,000900,5069,131270009005069
"Brunswick, GA",11026,13,127,000800,1066,131270008001066
"Brunswick, GA",11026,13,127,000800,1065,131270008001065
"Brunswick, GA",11026,13,127,000900,5067,131270009005067
"Brunswick, GA",11026,13,127,000900,5065,131270009005065
"Brunswick, GA",11026,13,127,000900,1013,131270009001013
"Brunswick, GA",11026,13,127,000404,3070,131270004043070
"Brunswick, GA",11026,13,127,000503,2034,131270005032034
"Brunswick, GA",11026,13,127,000900,3000,131270009003000
"Brunswick, GA",11026,13,127,000900,4035,131270009004035
"Brunswick, GA",11026,13,127,000900,5063,131270009005063
"Brunswick, GA",11026,13,127,000700,8038,131270007008038
"Brunswick, GA",11026,13,127,000700,7025,131270007007025
"Brunswick, GA",11026,13,127,000900,5085,131270009005085
"Brunswick, GA",11026,13,127,000800,4017,131270008004017
"Brunswick, GA",11026,13,127,000700,6082,131270007006082
"Brunswick, GA",11026,13,127,000800,1063,131270008001063
"Brunswick, GA",11026,13,127,000700,6028,131270007006028
"Brunswick, GA",11026,13,127,000501,3019,131270005013019
"Brunswick, GA",11026,13,127,001000,2111,131270010002111
"Brunswick, GA",11026,13,127,000401,1066,131270004011066
"Brunswick, GA",11026,13,127,000404,3020,131270004043020
"Brunswick, GA",11026,13,127,000404,3118,131270004043118
"Brunswick, GA",11026,13,127,000403,1026,131270004031026
"Brunswick, GA",11026,13,127,000404,2013,131270004042013
"Brunswick, GA",11026,13,127,000401,1013,131270004011013
"Brunswick, GA",11026,13,127,000401,1037,131270004011037
"Brunswick, GA",11026,13,127,000401,1017,131270004011017
"Brunswick, GA",11026,13,127,000401,3065,131270004013065
"Brunswick, GA",11026,13,127,000404,3097,131270004043097
"Brunswick, GA",11026,13,127,000800,1017,131270008001017
"Brunswick, GA",11026,13,127,000700,3005,131270007003005
"Brunswick, GA",11026,13,127,000700,7010,131270007007010
"Brunswick, GA",11026,13,127,000800,1058,131270008001058
"Brunswick, GA",11026,13,127,000600,4049,131270006004049
"Brunswick, GA",11026,13,127,000600,1038,131270006001038
"Brunswick, GA",11026,13,127,000600,4080,131270006004080
"Brunswick, GA",11026,13,127,000600,3016,131270006003016
"Brunswick, GA",11026,13,127,000600,2027,131270006002027
"Brunswick, GA",11026,13,127,000700,6035,131270007006035
"Brunswick, GA",11026,13,127,000700,2018,131270007002018
"Brunswick, GA",11026,13,127,000600,1012,131270006001012
"Brunswick, GA",11026,13,127,000401,1054,131270004011054
"Brunswick, GA",11026,13,127,000401,1012,131270004011012
"Brunswick, GA",11026,13,127,000401,3028,131270004013028
"Brunswick, GA",11026,13,127,000900,3002,131270009003002
"Brunswick, GA",11026,13,127,000900,5072,131270009005072
"Brunswick, GA",11026,13,127,000900,1016,131270009001016
"Brunswick, GA",11026,13,127,000700,6064,131270007006064
"Brunswick, GA",11026,13,127,000600,2008,131270006002008
"Brunswick, GA",11026,13,127,000900,1030,131270009001030
"Brunswick, GA",11026,13,127,000900,1034,131270009001034
"Brunswick, GA",11026,13,127,000900,1049,131270009001049
"Brunswick, GA",11026,13,127,000900,5088,131270009005088
"Brunswick, GA",11026,13,127,000403,2030,131270004032030
"Brunswick, GA",11026,13,127,000600,4015,131270006004015
"Brunswick, GA",11026,13,127,000600,4052,131270006004052
"Brunswick, GA",11026,13,127,000700,3030,131270007003030
"Brunswick, GA",11026,13,127,000600,2002,131270006002002
"Brunswick, GA",11026,13,127,000700,1040,131270007001040
"Brunswick, GA",11026,13,127,000503,3004,131270005033004
"Brunswick, GA",11026,13,127,000600,1004,131270006001004
"Brunswick, GA",11026,13,127,000504,2009,131270005042009
"Brunswick, GA",11026,13,127,000504,3001,131270005043001
"Brunswick, GA",11026,13,127,000504,2012,131270005042012
"Brunswick, GA",11026,13,127,000503,2000,131270005032000
"Brunswick, GA",11026,13,127,000503,1004,131270005031004
"Brunswick, GA",11026,13,127,000501,3031,131270005013031
"Brunswick, GA",11026,13,127,000503,3052,131270005033052
"Brunswick, GA",11026,13,127,000700,1033,131270007001033
"Brunswick, GA",11026,13,127,000600,2028,131270006002028
"Brunswick, GA",11026,13,127,000600,2029,131270006002029
"Brunswick, GA",11026,13,127,001000,2073,131270010002073
"Brunswick, GA",11026,13,127,001000,3085,131270010003085
"Brunswick, GA",11026,13,127,001000,2148,131270010002148
"Brunswick, GA",11026,13,127,001000,2150,131270010002150
"Brunswick, GA",11026,13,127,000401,1039,131270004011039
"Brunswick, GA",11026,13,127,000404,3126,131270004043126
"Brunswick, GA",11026,13,127,000404,3113,131270004043113
"Brunswick, GA",11026,13,127,000403,1019,131270004031019
"Brunswick, GA",11026,13,127,000403,1036,131270004031036
"Brunswick, GA",11026,13,127,000404,2035,131270004042035
"Brunswick, GA",11026,13,127,000401,3062,131270004013062
"Brunswick, GA",11026,13,127,000404,3076,131270004043076
"Brunswick, GA",11026,13,127,000401,3068,131270004013068
"Brunswick, GA",11026,13,127,000600,3000,131270006003000
"Brunswick, GA",11026,13,127,000503,3024,131270005033024
"Brunswick, GA",11026,13,127,000900,2004,131270009002004
"Brunswick, GA",11026,13,127,000501,3017,131270005013017
"Brunswick, GA",11026,13,127,000700,2019,131270007002019
"Brunswick, GA",11026,13,127,000700,2022,131270007002022
"Brunswick, GA",11026,13,127,000504,3007,131270005043007
"Brunswick, GA",11026,13,127,000600,1027,131270006001027
"Brunswick, GA",11026,13,127,000600,1028,131270006001028
"Brunswick, GA",11026,13,127,000600,1021,131270006001021
"Brunswick, GA",11026,13,127,000600,1020,131270006001020
"Brunswick, GA",11026,13,127,000600,2001,131270006002001
"Brunswick, GA",11026,13,127,000700,2029,131270007002029
"Brunswick, GA",11026,13,127,000700,6014,131270007006014
"Brunswick, GA",11026,13,127,000700,2043,131270007002043
"Brunswick, GA",11026,13,127,000700,2048,131270007002048
"Brunswick, GA",11026,13,127,000700,3027,131270007003027
"Brunswick, GA",11026,13,127,000700,6051,131270007006051
"Brunswick, GA",11026,13,127,000700,3029,131270007003029
"Brunswick, GA",11026,13,127,000700,2051,131270007002051
"Brunswick, GA",11026,13,127,000700,3043,131270007003043
"Brunswick, GA",11026,13,127,000700,8013,131270007008013
"Brunswick, GA",11026,13,127,000700,8010,131270007008010
"Brunswick, GA",11026,13,127,001000,3012,131270010003012
"Brunswick, GA",11026,13,127,000401,1018,131270004011018
"Brunswick, GA",11026,13,127,000403,2023,131270004032023
"Brunswick, GA",11026,13,127,000401,1043,131270004011043
"Brunswick, GA",11026,13,127,000404,3123,131270004043123
"Brunswick, GA",11026,13,127,000404,3129,131270004043129
"Brunswick, GA",11026,13,127,000404,3106,131270004043106
"Brunswick, GA",11026,13,127,001000,2093,131270010002093
"Brunswick, GA",11026,13,127,000600,4050,131270006004050
"Brunswick, GA",11026,13,127,000900,1036,131270009001036
"Brunswick, GA",11026,13,127,000900,5094,131270009005094
"Brunswick, GA",11026,13,127,000900,3001,131270009003001
"Brunswick, GA",11026,13,127,000900,3016,131270009003016
"Brunswick, GA",11026,13,127,000900,2028,131270009002028
"Brunswick, GA",11026,13,127,000900,2030,131270009002030
"Brunswick, GA",11026,13,127,000900,2036,131270009002036
"Brunswick, GA",11026,13,127,000900,2044,131270009002044
"Brunswick, GA",11026,13,127,000401,1014,131270004011014
"Brunswick, GA",11026,13,127,000404,3082,131270004043082
"Brunswick, GA",11026,13,127,000404,3124,131270004043124
"Brunswick, GA",11026,13,127,000404,3090,131270004043090
"Brunswick, GA",11026,13,127,000404,3146,131270004043146
"Brunswick, GA",11026,13,127,000700,1044,131270007001044
"Brunswick, GA",11026,13,127,000700,1059,131270007001059
"Brunswick, GA",11026,13,127,000700,4002,131270007004002
"Brunswick, GA",11026,13,127,000700,4007,131270007004007
"Brunswick, GA",11026,13,127,000501,2010,131270005012010
"Brunswick, GA",11026,13,127,000600,4065,131270006004065
"Brunswick, GA",11026,13,127,000800,4014,131270008004014
"Brunswick, GA",11026,13,127,000503,3013,131270005033013
"Brunswick, GA",11026,13,127,000503,3050,131270005033050
"Brunswick, GA",11026,13,127,000700,3007,131270007003007
"Brunswick, GA",11026,13,127,000700,3024,131270007003024
"Brunswick, GA",11026,13,127,000501,2060,131270005012060
"Brunswick, GA",11026,13,127,000501,3043,131270005013043
"Brunswick, GA",11026,13,127,000800,4016,131270008004016
"Brunswick, GA",11026,13,127,000501,3054,131270005013054
"Brunswick, GA",11026,13,127,000700,7007,131270007007007
"Brunswick, GA",11026,13,127,000503,3018,131270005033018
"Brunswick, GA",11026,13,127,000503,2037,131270005032037
"Brunswick, GA",11026,13,127,000501,2021,131270005012021
"Brunswick, GA",11026,13,127,000800,2051,131270008002051
"Brunswick, GA",11026,13,127,000600,4088,131270006004088
"Brunswick, GA",11026,13,127,000501,2032,131270005012032
"Brunswick, GA",11026,13,127,000501,1021,131270005011021
"Brunswick, GA",11026,13,127,000501,1013,131270005011013
"Brunswick, GA",11026,13,127,000800,2005,131270008002005
"Brunswick, GA",11026,13,127,000800,4004,131270008004004
"Brunswick, GA",11026,13,127,001000,2183,131270010002183
"Brunswick, GA",11026,13,127,001000,2070,131270010002070
"Brunswick, GA",11026,13,127,001000,3025,131270010003025
"Brunswick, GA",11026,13,127,001000,4264,131270010004264
"Brunswick, GA",11026,13,127,001000,3084,131270010003084
"Brunswick, GA",11026,13,127,000403,1050,131270004031050
"Brunswick, GA",11026,13,127,000404,2020,131270004042020
"Brunswick, GA",11026,13,127,000404,2021,131270004042021
"Brunswick, GA",11026,13,127,000401,1049,131270004011049
"Brunswick, GA",11026,13,127,000404,3022,131270004043022
"Brunswick, GA",11026,13,127,000600,4064,131270006004064
"Brunswick, GA",11026,13,127,000700,2035,131270007002035
"Brunswick, GA",11026,13,127,000700,1031,131270007001031
"Brunswick, GA",11026,13,127,000800,3011,131270008003011
"Brunswick, GA",11026,13,127,000800,2053,131270008002053
"Brunswick, GA",11026,13,127,000800,2015,131270008002015
"Brunswick, GA",11026,13,127,000501,2043,131270005012043
"Brunswick, GA",11026,13,127,000700,6063,131270007006063
"Brunswick, GA",11026,13,127,001000,2108,131270010002108
"Brunswick, GA",11026,13,127,001000,3023,131270010003023
"Brunswick, GA",11026,13,127,000404,3102,131270004043102
"Brunswick, GA",11026,13,127,000403,1021,131270004031021
"Brunswick, GA",11026,13,127,000401,1036,131270004011036
"Brunswick, GA",11026,13,127,000404,2030,131270004042030
"Brunswick, GA",11026,13,127,000401,3009,131270004013009
"Brunswick, GA",11026,13,127,000401,3033,131270004013033
"Brunswick, GA",11026,13,127,000404,3032,131270004043032
"Brunswick, GA",11026,13,127,000404,3023,131270004043023
"Brunswick, GA",11026,13,127,000404,3145,131270004043145
"Brunswick, GA",11026,13,127,000404,3044,131270004043044
"Brunswick, GA",11026,13,127,000404,3108,131270004043108
"Brunswick, GA",11026,13,127,001000,4260,131270010004260
"Brunswick, GA",11026,13,127,001000,2102,131270010002102
"Brunswick, GA",11026,13,127,001000,4321,131270010004321
"Brunswick, GA",11026,13,127,001000,2107,131270010002107
"Brunswick, GA",11026,13,127,000600,4038,131270006004038
"Brunswick, GA",11026,13,127,000600,3046,131270006003046
"Brunswick, GA",11026,13,127,000700,6023,131270007006023
"Brunswick, GA",11026,13,127,000700,8003,131270007008003
"Brunswick, GA",11026,13,127,000700,1037,131270007001037
"Brunswick, GA",11026,13,127,000800,1075,131270008001075
"Brunswick, GA",11026,13,127,000600,2017,131270006002017
"Brunswick, GA",11026,13,127,000503,2006,131270005032006
"Brunswick, GA",11026,13,127,000503,3025,131270005033025
"Brunswick, GA",11026,13,127,000600,3037,131270006003037
"Brunswick, GA",11026,13,127,000900,2007,131270009002007
"Brunswick, GA",11026,13,127,000900,4002,131270009004002
"Brunswick, GA",11026,13,127,000900,4017,131270009004017
"Brunswick, GA",11026,13,127,000900,4020,131270009004020
"Brunswick, GA",11026,13,127,000900,4022,131270009004022
"Brunswick, GA",11026,13,127,000900,4024,131270009004024
"Brunswick, GA",11026,13,127,000501,2033,131270005012033
"Brunswick, GA",11026,13,127,000404,3100,131270004043100
"Brunswick, GA",11026,13,127,000403,1020,131270004031020
"Brunswick, GA",11026,13,127,000404,2027,131270004042027
"Brunswick, GA",11026,13,127,000404,3115,131270004043115
"Brunswick, GA",11026,13,127,000800,4005,131270008004005
"Brunswick, GA",11026,13,127,000800,3007,131270008003007
"Brunswick, GA",11026,13,127,000800,2025,131270008002025
"Brunswick, GA",11026,13,127,000800,2035,131270008002035
"Brunswick, GA",11026,13,127,000800,1021,131270008001021
"Brunswick, GA",11026,13,127,000600,1025,131270006001025
"Brunswick, GA",11026,13,127,000800,3025,131270008003025
"Brunswick, GA",11026,13,127,000800,1056,131270008001056
"Brunswick, GA",11026,13,127,000800,2041,131270008002041
"Brunswick, GA",11026,13,127,000800,1041,131270008001041
"Brunswick, GA",11026,13,127,000800,1051,131270008001051
"Brunswick, GA",11026,13,127,000900,5071,131270009005071
"Brunswick, GA",11026,13,127,000800,1073,131270008001073
"Brunswick, GA",11026,13,127,000900,1009,131270009001009
"Brunswick, GA",11026,13,127,000900,1028,131270009001028
"Brunswick, GA",11026,13,127,000900,5070,131270009005070
"Brunswick, GA",11026,13,127,000900,1018,131270009001018
"Brunswick, GA",11026,13,127,000900,1031,131270009001031
"Brunswick, GA",11026,13,127,000900,5077,131270009005077
"Brunswick, GA",11026,13,127,000900,1033,131270009001033
"Brunswick, GA",11026,13,127,000900,1047,131270009001047
"Brunswick, GA",11026,13,127,000900,5087,131270009005087
"Brunswick, GA",11026,13,127,000900,5097,131270009005097
"Brunswick, GA",11026,13,127,000900,1053,131270009001053
"Brunswick, GA",11026,13,127,000900,1038,131270009001038
"Brunswick, GA",11026,13,127,000900,1042,131270009001042
"Brunswick, GA",11026,13,127,000900,1043,131270009001043
"Brunswick, GA",11026,13,127,000900,3005,131270009003005
"Brunswick, GA",11026,13,127,000900,3033,131270009003033
"Brunswick, GA",11026,13,127,000900,2027,131270009002027
"Brunswick, GA",11026,13,127,000403,1080,131270004031080
"Brunswick, GA",11026,13,127,000401,1070,131270004011070
"Brunswick, GA",11026,13,127,000404,3134,131270004043134
"Brunswick, GA",11026,13,127,000401,1021,131270004011021
"Brunswick, GA",11026,13,127,000404,3042,131270004043042
"Brunswick, GA",11026,13,127,000401,1001,131270004011001
"Brunswick, GA",11026,13,127,000401,1005,131270004011005
"Brunswick, GA",11026,13,127,000401,3015,131270004013015
"Brunswick, GA",11026,13,127,000700,6001,131270007006001
"Brunswick, GA",11026,13,127,000800,1030,131270008001030
"Brunswick, GA",11026,13,127,000600,3003,131270006003003
"Brunswick, GA",11026,13,127,000501,2004,131270005012004
"Brunswick, GA",11026,13,127,000600,4043,131270006004043
"Brunswick, GA",11026,13,127,000600,4045,131270006004045
"Brunswick, GA",11026,13,127,000700,6034,131270007006034
"Brunswick, GA",11026,13,127,000700,2058,131270007002058
"Brunswick, GA",11026,13,127,000700,3047,131270007003047
"Brunswick, GA",11026,13,127,000700,3031,131270007003031
"Brunswick, GA",11026,13,127,000700,8018,131270007008018
"Brunswick, GA",11026,13,127,000800,4009,131270008004009
"Brunswick, GA",11026,13,127,000600,1031,131270006001031
"Brunswick, GA",11026,13,127,000501,2007,131270005012007
"Brunswick, GA",11026,13,127,000600,4039,131270006004039
"Brunswick, GA",11026,13,127,000504,2002,131270005042002
"Brunswick, GA",11026,13,127,000504,2013,131270005042013
"Brunswick, GA",11026,13,127,000503,3002,131270005033002
"Brunswick, GA",11026,13,127,000504,3009,131270005043009
"Brunswick, GA",11026,13,127,000504,3004,131270005043004
"Brunswick, GA",11026,13,127,001000,4259,131270010004259
"Brunswick, GA",11026,13,127,001000,2124,131270010002124
"Brunswick, GA",11026,13,127,001000,3036,131270010003036
"Brunswick, GA",11026,13,127,000401,1067,131270004011067
"Brunswick, GA",11026,13,127,001000,2131,131270010002131
"Brunswick, GA",11026,13,127,001000,2182,131270010002182
"Brunswick, GA",11026,13,127,000600,2015,131270006002015
"Brunswick, GA",11026,13,127,000404,3093,131270004043093
"Brunswick, GA",11026,13,127,000404,3019,131270004043019
"Brunswick, GA",11026,13,127,000401,1015,131270004011015
"Brunswick, GA",11026,13,127,000404,3038,131270004043038
"Brunswick, GA",11026,13,127,000404,3047,131270004043047
"Brunswick, GA",11026,13,127,000404,3046,131270004043046
"Brunswick, GA",11026,13,127,000404,3075,131270004043075
"Brunswick, GA",11026,13,127,000900,3029,131270009003029
"Brunswick, GA",11026,13,127,000900,2041,131270009002041
"Brunswick, GA",11026,13,127,000900,2039,131270009002039
"Brunswick, GA",11026,13,127,000501,3009,131270005013009
"Brunswick, GA",11026,13,127,000900,4012,131270009004012
"Brunswick, GA",11026,13,127,000900,4023,131270009004023
"Brunswick, GA",11026,13,127,000700,5014,131270007005014
"Brunswick, GA",11026,13,127,000700,1026,131270007001026
"Brunswick, GA",11026,13,127,000600,3008,131270006003008
"Brunswick, GA",11026,13,127,000504,2003,131270005042003
"Brunswick, GA",11026,13,127,000700,1021,131270007001021
"Brunswick, GA",11026,13,127,000700,1024,131270007001024
"Brunswick, GA",11026,13,127,000503,2029,131270005032029
"Brunswick, GA",11026,13,127,000700,4008,131270007004008
"Brunswick, GA",11026,13,127,000501,3003,131270005013003
"Brunswick, GA",11026,13,127,000800,2004,131270008002004
"Brunswick, GA",11026,13,127,000800,3020,131270008003020
"Brunswick, GA",11026,13,127,000800,1060,131270008001060
"Brunswick, GA",11026,13,127,000900,1014,131270009001014
"Brunswick, GA",11026,13,127,000900,3035,131270009003035
"Brunswick, GA",11026,13,127,000900,2033,131270009002033
"Brunswick, GA",11026,13,127,000403,2028,131270004032028
"Brunswick, GA",11026,13,127,000403,1043,131270004031043
"Brunswick, GA",11026,13,127,000404,2037,131270004042037
"Brunswick, GA",11026,13,127,000401,1061,131270004011061
"Brunswick, GA",11026,13,127,000401,3035,131270004013035
"Brunswick, GA",11026,13,127,000700,1012,131270007001012
"Brunswick, GA",11026,13,127,000700,1029,131270007001029
"Brunswick, GA",11026,13,127,000503,1005,131270005031005
"Brunswick, GA",11026,13,127,000501,2006,131270005012006
"Brunswick, GA",11026,13,127,000503,3054,131270005033054
"Brunswick, GA",11026,13,127,000700,1047,131270007001047
"Brunswick, GA",11026,13,127,000700,1069,131270007001069
"Brunswick, GA",11026,13,127,000501,2001,131270005012001
"Brunswick, GA",11026,13,127,000700,4005,131270007004005
"Brunswick, GA",11026,13,127,000700,4003,131270007004003
"Brunswick, GA",11026,13,127,000501,2039,131270005012039
"Brunswick, GA",11026,13,127,000501,2011,131270005012011
"Brunswick, GA",11026,13,127,000700,8026,131270007008026
"Brunswick, GA",11026,13,127,000700,5023,131270007005023
"Brunswick, GA",11026,13,127,000700,5018,131270007005018
"Brunswick, GA",11026,13,127,000501,2051,131270005012051
"Brunswick, GA",11026,13,127,000501,3062,131270005013062
"Brunswick, GA",11026,13,127,000700,8036,131270007008036
"Brunswick, GA",11026,13,127,000700,1013,131270007001013
"Brunswick, GA",11026,13,127,000700,3009,131270007003009
"Brunswick, GA",11026,13,127,000501,2072,131270005012072
"Brunswick, GA",11026,13,127,000501,2061,131270005012061
"Brunswick, GA",11026,13,127,000501,2059,131270005012059
"Brunswick, GA",11026,13,127,000700,3037,131270007003037
"Brunswick, GA",11026,13,127,000501,3065,131270005013065
"Brunswick, GA",11026,13,127,000403,1025,131270004031025
"Brunswick, GA",11026,13,127,000403,1033,131270004031033
"Brunswick, GA",11026,13,127,000404,3065,131270004043065
"Brunswick, GA",11026,13,127,000401,3031,131270004013031
"Brunswick, GA",11026,13,127,000503,2026,131270005032026
"Brunswick, GA",11026,13,127,000504,2005,131270005042005
"Brunswick, GA",11026,13,127,000504,1002,131270005041002
"Brunswick, GA",11026,13,127,000503,3028,131270005033028
"Brunswick, GA",11026,13,127,000600,2000,131270006002000
"Brunswick, GA",11026,13,127,000501,3001,131270005013001
"Brunswick, GA",11026,13,127,000501,3061,131270005013061
"Brunswick, GA",11026,13,127,000501,3018,131270005013018
"Brunswick, GA",11026,13,127,000800,1070,131270008001070
"Brunswick, GA",11026,13,127,000800,4006,131270008004006
"Brunswick, GA",11026,13,127,000800,1044,131270008001044
"Brunswick, GA",11026,13,127,000800,1043,131270008001043
"Brunswick, GA",11026,13,127,000900,4036,131270009004036
"Brunswick, GA",11026,13,127,000900,2008,131270009002008
"Brunswick, GA",11026,13,127,000700,5013,131270007005013
"Brunswick, GA",11026,13,127,000501,3056,131270005013056
"Brunswick, GA",11026,13,127,000501,3022,131270005013022
"Brunswick, GA",11026,13,127,000700,2039,131270007002039
"Brunswick, GA",11026,13,127,000800,3018,131270008003018
"Brunswick, GA",11026,13,127,000501,1015,131270005011015
"Brunswick, GA",11026,13,127,000600,2025,131270006002025
"Brunswick, GA",11026,13,127,000700,1065,131270007001065
"Brunswick, GA",11026,13,127,000700,1050,131270007001050
"Brunswick, GA",11026,13,127,000503,3033,131270005033033
"Brunswick, GA",11026,13,127,000401,1055,131270004011055
"Brunswick, GA",11026,13,127,000401,1057,131270004011057
"Brunswick, GA",11026,13,127,000501,1005,131270005011005
"Brunswick, GA",11026,13,127,000700,8024,131270007008024
"Brunswick, GA",11026,13,127,000501,1004,131270005011004
"Brunswick, GA",11026,13,127,000501,1008,131270005011008
"Brunswick, GA",11026,13,127,000600,1035,131270006001035
"Brunswick, GA",11026,13,127,000900,4037,131270009004037
"Brunswick, GA",11026,13,127,000503,3021,131270005033021
"Brunswick, GA",11026,13,127,000800,4010,131270008004010
"Brunswick, GA",11026,13,127,000800,4012,131270008004012
"Brunswick, GA",11026,13,127,000501,1020,131270005011020
"Brunswick, GA",11026,13,127,000800,4015,131270008004015
"Brunswick, GA",11026,13,127,000800,2002,131270008002002
"Brunswick, GA",11026,13,127,000800,4007,131270008004007
"Brunswick, GA",11026,13,127,000800,4042,131270008004042
"Brunswick, GA",11026,13,127,000800,4037,131270008004037
"Brunswick, GA",11026,13,127,000501,1006,131270005011006
"Brunswick, GA",11026,13,127,000800,2032,131270008002032
"Brunswick, GA",11026,13,127,000800,3024,131270008003024
"Brunswick, GA",11026,13,127,000800,1046,131270008001046
"Brunswick, GA",11026,13,127,000800,1049,131270008001049
"Brunswick, GA",11026,13,127,000800,1052,131270008001052
"Brunswick, GA",11026,13,127,000900,5061,131270009005061
"Brunswick, GA",11026,13,127,000800,1068,131270008001068
"Brunswick, GA",11026,13,127,000800,1062,131270008001062
"Brunswick, GA",11026,13,127,000800,1064,131270008001064
"Brunswick, GA",11026,13,127,000900,1004,131270009001004
"Brunswick, GA",11026,13,127,000900,1005,131270009001005
"Brunswick, GA",11026,13,127,000800,1071,131270008001071
"Brunswick, GA",11026,13,127,000403,1081,131270004031081
"Brunswick, GA",11026,13,127,000403,1082,131270004031082
"Brunswick, GA",11026,13,127,000404,2004,131270004042004
"Brunswick, GA",11026,13,127,000504,3017,131270005043017
"Brunswick, GA",11026,13,127,000504,3014,131270005043014
"Brunswick, GA",11026,13,127,000504,3012,131270005043012
"Brunswick, GA",11026,13,127,000700,1011,131270007001011
"Brunswick, GA",11026,13,127,000503,1001,131270005031001
"Brunswick, GA",11026,13,127,000900,1026,131270009001026
"Brunswick, GA",11026,13,127,000900,5056,131270009005056
"Brunswick, GA",11026,13,127,000501,3006,131270005013006
"Brunswick, GA",11026,13,127,000900,3007,131270009003007
"Brunswick, GA",11026,13,127,000900,3039,131270009003039
"Brunswick, GA",11026,13,127,000900,4001,131270009004001
"Brunswick, GA",11026,13,127,000700,2041,131270007002041
"Brunswick, GA",11026,13,127,000404,3027,131270004043027
"Brunswick, GA",11026,13,127,000404,3139,131270004043139
"Brunswick, GA",11026,13,127,001000,3009,131270010003009
"Brunswick, GA",11026,13,127,001000,3087,131270010003087
"Brunswick, GA",11026,13,127,001000,4242,131270010004242
"Brunswick, GA",11026,13,127,001000,3088,131270010003088
"Brunswick, GA",11026,13,127,000401,1020,131270004011020
"Brunswick, GA",11026,13,127,000404,3037,131270004043037
"Brunswick, GA",11026,13,127,000404,3143,131270004043143
"Brunswick, GA",11026,13,127,000401,1032,131270004011032
"Brunswick, GA",11026,13,127,001000,2194,131270010002194
"Brunswick, GA",11026,13,127,000900,1010,131270009001010
"Brunswick, GA",11026,13,127,000900,1012,131270009001012
"Brunswick, GA",11026,13,127,000900,5057,131270009005057
"Brunswick, GA",11026,13,127,000900,1017,131270009001017
"Brunswick, GA",11026,13,127,000900,1045,131270009001045
"Brunswick, GA",11026,13,127,000900,1052,131270009001052
"Brunswick, GA",11026,13,127,000900,1041,131270009001041
"Brunswick, GA",11026,13,127,000900,5093,131270009005093
"Brunswick, GA",11026,13,127,000900,3008,131270009003008
"Brunswick, GA",11026,13,127,000900,3017,131270009003017
"Brunswick, GA",11026,13,127,000900,3026,131270009003026
"Brunswick, GA",11026,13,127,000900,3019,131270009003019
"Brunswick, GA",11026,13,127,000900,2025,131270009002025
"Brunswick, GA",11026,13,127,000900,2040,131270009002040
"Brunswick, GA",11026,13,127,000900,3041,131270009003041
"Brunswick, GA",11026,13,127,000700,6017,131270007006017
"Brunswick, GA",11026,13,127,000900,4008,131270009004008
"Brunswick, GA",11026,13,127,000900,4014,131270009004014
"Brunswick, GA",11026,13,127,000900,4013,131270009004013
"Brunswick, GA",11026,13,127,000900,4043,131270009004043
"Brunswick, GA",11026,13,127,000900,4044,131270009004044
"Brunswick, GA",11026,13,127,000503,3007,131270005033007
"Brunswick, GA",11026,13,127,000501,2017,131270005012017
"Brunswick, GA",11026,13,127,000800,3000,131270008003000
"Brunswick, GA",11026,13,127,000700,6048,131270007006048
"Brunswick, GA",11026,13,127,000700,5015,131270007005015
"Brunswick, GA",11026,13,127,000900,1054,131270009001054
"Brunswick, GA",11026,13,127,000900,3023,131270009003023
"Brunswick, GA",11026,13,127,001000,4254,131270010004254
"Brunswick, GA",11026,13,127,000700,1041,131270007001041
"Brunswick, GA",11026,13,127,000700,1058,131270007001058
"Brunswick, GA",11026,13,127,000501,2044,131270005012044
"Brunswick, GA",11026,13,127,000501,2024,131270005012024
"Brunswick, GA",11026,13,127,000700,5002,131270007005002
"Brunswick, GA",11026,13,127,000501,2047,131270005012047
"Brunswick, GA",11026,13,127,000700,5021,131270007005021
"Brunswick, GA",11026,13,127,000600,2004,131270006002004
"Brunswick, GA",11026,13,127,000700,1056,131270007001056
"Brunswick, GA",11026,13,127,000600,1002,131270006001002
"Brunswick, GA",11026,13,127,000600,1008,131270006001008
"Brunswick, GA",11026,13,127,000700,1075,131270007001075
"Brunswick, GA",11026,13,127,000503,2016,131270005032016
"Brunswick, GA",11026,13,127,000503,2019,131270005032019
"Brunswick, GA",11026,13,127,000404,3033,131270004043033
"Brunswick, GA",11026,13,127,000404,3024,131270004043024
"Brunswick, GA",11026,13,127,001000,3053,131270010003053
"Brunswick, GA",11026,13,127,001000,2129,131270010002129
"Brunswick, GA",11026,13,127,001000,4333,131270010004333
"Brunswick, GA",11026,13,127,001000,3011,131270010003011
"Brunswick, GA",11026,13,127,001000,2092,131270010002092
"Brunswick, GA",11026,13,127,000401,3063,131270004013063
"Brunswick, GA",11026,13,127,000401,2096,131270004012096
"Brunswick, GA",11026,13,127,000403,2073,131270004032073
"Brunswick, GA",11026,13,127,000404,3086,131270004043086
"Brunswick, GA",11026,13,127,000404,3103,131270004043103
"Brunswick, GA",11026,13,127,000404,3104,131270004043104
"Brunswick, GA",11026,13,127,000404,2031,131270004042031
"Brunswick, GA",11026,13,127,000404,3063,131270004043063
"Brunswick, GA",11026,13,127,000900,3038,131270009003038
"Brunswick, GA",11026,13,127,000900,3043,131270009003043
"Brunswick, GA",11026,13,127,000900,4040,131270009004040
"Brunswick, GA",11026,13,127,000503,3010,131270005033010
"Brunswick, GA",11026,13,127,000501,3010,131270005013010
"Brunswick, GA",11026,13,127,000700,1030,131270007001030
"Brunswick, GA",11026,13,127,000700,1027,131270007001027
"Brunswick, GA",11026,13,127,000503,3020,131270005033020
"Brunswick, GA",11026,13,127,000600,4037,131270006004037
"Brunswick, GA",11026,13,127,000600,1023,131270006001023
"Brunswick, GA",11026,13,127,000600,1019,131270006001019
"Brunswick, GA",11026,13,127,000600,4014,131270006004014
"Brunswick, GA",11026,13,127,000700,1042,131270007001042
"Brunswick, GA",11026,13,127,000700,1051,131270007001051
"Brunswick, GA",11026,13,127,000501,2019,131270005012019
"Brunswick, GA",11026,13,127,000700,4006,131270007004006
"Brunswick, GA",11026,13,127,000504,1005,131270005041005
"Brunswick, GA",11026,13,127,000900,5020,131270009005020
"Brunswick, GA",11026,13,127,000503,2013,131270005032013
"Brunswick, GA",11026,13,127,001000,2074,131270010002074
"Brunswick, GA",11026,13,127,000900,2006,131270009002006
"Brunswick, GA",11026,13,127,000700,1014,131270007001014
"Brunswick, GA",11026,13,127,000503,3019,131270005033019
"Brunswick, GA",11026,13,127,000800,3019,131270008003019
"Brunswick, GA",11026,13,127,000800,2049,131270008002049
"Brunswick, GA",11026,13,127,000900,5059,131270009005059
"Brunswick, GA",11026,13,127,000503,3029,131270005033029
"Brunswick, GA",11026,13,127,000503,3046,131270005033046
"Brunswick, GA",11026,13,127,000403,1044,131270004031044
"Brunswick, GA",11026,13,127,000403,1022,131270004031022
"Brunswick, GA",11026,13,127,000401,3013,131270004013013
"Brunswick, GA",11026,13,127,000404,3018,131270004043018
"Brunswick, GA",11026,13,127,000401,3029,131270004013029
"Brunswick, GA",11026,13,127,000401,3020,131270004013020
"Brunswick, GA",11026,13,127,001000,4253,131270010004253
"Brunswick, GA",11026,13,127,001000,3003,131270010003003
"Brunswick, GA",11026,13,127,001000,2170,131270010002170
"Brunswick, GA",11026,13,127,000404,2032,131270004042032
"Brunswick, GA",11026,13,127,000401,1058,131270004011058
"Brunswick, GA",11026,13,127,001000,3016,131270010003016
"Brunswick, GA",11026,13,127,000404,2010,131270004042010
"Brunswick, GA",11026,13,127,000404,3079,131270004043079
"Brunswick, GA",11026,13,127,000404,3071,131270004043071
"Brunswick, GA",11026,13,127,000401,1025,131270004011025
"Brunswick, GA",11026,13,127,000401,1052,131270004011052
"Brunswick, GA",11026,13,127,000404,3087,131270004043087
"Brunswick, GA",11026,13,127,000404,2033,131270004042033
"Brunswick, GA",11026,13,127,000700,3011,131270007003011
"Brunswick, GA",11026,13,127,000700,3023,131270007003023
"Brunswick, GA",11026,13,127,000700,3017,131270007003017
"Brunswick, GA",11026,13,127,000501,3042,131270005013042
"Brunswick, GA",11026,13,127,000501,3066,131270005013066
"Brunswick, GA",11026,13,127,000700,8017,131270007008017
"Brunswick, GA",11026,13,127,000700,8032,131270007008032
"Brunswick, GA",11026,13,127,000700,7000,131270007007000
"Brunswick, GA",11026,13,127,000501,1001,131270005011001
"Brunswick, GA",11026,13,127,000501,1009,131270005011009
"Brunswick, GA",11026,13,127,000501,2037,131270005012037
"Brunswick, GA",11026,13,127,000404,2023,131270004042023
"Brunswick, GA",11026,13,127,000401,2097,131270004012097
"Brunswick, GA",11026,13,127,001000,3068,131270010003068
"Brunswick, GA",11026,13,127,001000,3031,131270010003031
"Brunswick, GA",11026,13,127,000401,1047,131270004011047
"Brunswick, GA",11026,13,127,000404,3031,131270004043031
"Brunswick, GA",11026,13,127,000401,1041,131270004011041
"Brunswick, GA",11026,13,127,000404,3122,131270004043122
"Brunswick, GA",11026,13,127,000403,1045,131270004031045
"Brunswick, GA",11026,13,127,000403,1032,131270004031032
"Brunswick, GA",11026,13,127,001000,3047,131270010003047
"Brunswick, GA",11026,13,127,001000,3069,131270010003069
"Brunswick, GA",11026,13,127,001000,4261,131270010004261
"Brunswick, GA",11026,13,127,000401,2101,131270004012101
"Brunswick, GA",11026,13,127,000404,3041,131270004043041
"Brunswick, GA",11026,13,127,000404,3099,131270004043099
"Brunswick, GA",11026,13,127,000401,1065,131270004011065
"Brunswick, GA",11026,13,127,000401,3053,131270004013053
"Brunswick, GA",11026,13,127,000404,2025,131270004042025
"Brunswick, GA",11026,13,127,000900,3032,131270009003032
"Brunswick, GA",11026,13,127,000700,2020,131270007002020
"Brunswick, GA",11026,13,127,000700,8021,131270007008021
"Brunswick, GA",11026,13,127,000800,3015,131270008003015
"Brunswick, GA",11026,13,127,000600,4010,131270006004010
"Brunswick, GA",11026,13,127,000600,4040,131270006004040
"Brunswick, GA",11026,13,127,000700,7015,131270007007015
"Brunswick, GA",11026,13,127,000501,2022,131270005012022
"Brunswick, GA",11026,13,127,000800,2052,131270008002052
"Brunswick, GA",11026,13,127,000501,3023,131270005013023
"Brunswick, GA",11026,13,127,000800,1014,131270008001014
"Brunswick, GA",11026,13,127,000403,1042,131270004031042
"Brunswick, GA",11026,13,127,000404,3136,131270004043136
"Brunswick, GA",11026,13,127,000401,1033,131270004011033
"Brunswick, GA",11026,13,127,000401,1064,131270004011064
"Brunswick, GA",11026,13,127,000404,2015,131270004042015
"Brunswick, GA",11026,13,127,000404,2016,131270004042016
"Brunswick, GA",11026,13,127,000401,1062,131270004011062
"Brunswick, GA",11026,13,127,000401,1011,131270004011011
"Brunswick, GA",11026,13,127,000401,1003,131270004011003
"Brunswick, GA",11026,13,127,001000,3090,131270010003090
"Brunswick, GA",11026,13,127,000401,3061,131270004013061
"Brunswick, GA",11026,13,127,000404,3080,131270004043080
"Brunswick, GA",11026,13,127,000404,3040,131270004043040
"Brunswick, GA",11026,13,127,000404,3073,131270004043073
"Brunswick, GA",11026,13,127,000404,3095,131270004043095
"Brunswick, GA",11026,13,127,000403,1028,131270004031028
"Brunswick, GA",11026,13,127,000404,2012,131270004042012
"Brunswick, GA",11026,13,127,000600,1047,131270006001047
"Brunswick, GA",11026,13,127,000600,4055,131270006004055
"Brunswick, GA",11026,13,127,000600,4060,131270006004060
"Brunswick, GA",11026,13,127,000600,2024,131270006002024
"Brunswick, GA",11026,13,127,000700,2005,131270007002005
"Brunswick, GA",11026,13,127,000600,3032,131270006003032
"Brunswick, GA",11026,13,127,000700,6030,131270007006030
"Brunswick, GA",11026,13,127,000504,1004,131270005041004
"Brunswick, GA",11026,13,127,000700,1049,131270007001049
"Brunswick, GA",11026,13,127,000501,3039,131270005013039
"Brunswick, GA",11026,13,127,000700,2024,131270007002024
"Brunswick, GA",11026,13,127,000700,2028,131270007002028
"Brunswick, GA",11026,13,127,000700,2031,131270007002031
"Brunswick, GA",11026,13,127,000700,2032,131270007002032
"Brunswick, GA",11026,13,127,000700,3048,131270007003048
"Brunswick, GA",11026,13,127,000600,4053,131270006004053
"Brunswick, GA",11026,13,127,000600,4003,131270006004003
"Brunswick, GA",11026,13,127,000600,2026,131270006002026
"Brunswick, GA",11026,13,127,000600,2032,131270006002032
"Brunswick, GA",11026,13,127,000504,3020,131270005043020
"Brunswick, GA",11026,13,127,000504,3003,131270005043003
"Brunswick, GA",11026,13,127,000900,4011,131270009004011
"Brunswick, GA",11026,13,127,000503,3037,131270005033037
"Brunswick, GA",11026,13,127,000700,1057,131270007001057
"Brunswick, GA",11026,13,127,000900,5066,131270009005066
"Brunswick, GA",11026,13,127,000700,7009,131270007007009
"Brunswick, GA",11026,13,127,000800,4026,131270008004026
"Brunswick, GA",11026,13,127,000600,4066,131270006004066
"Brunswick, GA",11026,13,127,000600,2019,131270006002019
"Brunswick, GA",11026,13,127,000600,4046,131270006004046
"Brunswick, GA",11026,13,127,000600,4054,131270006004054
"Brunswick, GA",11026,13,127,000700,2011,131270007002011
"Brunswick, GA",11026,13,127,000600,3025,131270006003025
"Brunswick, GA",11026,13,127,000600,3023,131270006003023
"Brunswick, GA",11026,13,127,000501,1012,131270005011012
"Brunswick, GA",11026,13,127,000501,3045,131270005013045
"Brunswick, GA",11026,13,127,000800,4011,131270008004011
"Brunswick, GA",11026,13,127,000501,1019,131270005011019
"Brunswick, GA",11026,13,127,000501,1016,131270005011016
"Brunswick, GA",11026,13,127,000403,1035,131270004031035
"Brunswick, GA",11026,13,127,001000,2143,131270010002143
"Brunswick, GA",11026,13,127,001000,3045,131270010003045
"Brunswick, GA",11026,13,127,000403,1041,131270004031041
"Brunswick, GA",11026,13,127,000600,3027,131270006003027
"Brunswick, GA",11026,13,127,000600,3012,131270006003012
"Brunswick, GA",11026,13,127,000600,2030,131270006002030
"Brunswick, GA",11026,13,127,000700,6032,131270007006032
"Brunswick, GA",11026,13,127,000503,2032,131270005032032
"Brunswick, GA",11026,13,127,000800,3027,131270008003027
"Brunswick, GA",11026,13,127,000700,5000,131270007005000
"Brunswick, GA",11026,13,127,000700,3010,131270007003010
"Brunswick, GA",11026,13,127,000700,3014,131270007003014
"Brunswick, GA",11026,13,127,000501,2064,131270005012064
"Brunswick, GA",11026,13,127,000501,3021,131270005013021
"Brunswick, GA",11026,13,127,000501,3058,131270005013058
"Brunswick, GA",11026,13,127,000501,3051,131270005013051
"Brunswick, GA",11026,13,127,000700,7002,131270007007002
"Brunswick, GA",11026,13,127,000503,2023,131270005032023
"Brunswick, GA",11026,13,127,000501,3048,131270005013048
"Brunswick, GA",11026,13,127,000800,2054,131270008002054
"Brunswick, GA",11026,13,127,000700,7021,131270007007021
"Brunswick, GA",11026,13,127,000800,4018,131270008004018
"Brunswick, GA",11026,13,127,000800,4029,131270008004029
"Brunswick, GA",11026,13,127,000800,4030,131270008004030
"Brunswick, GA",11026,13,127,000800,4032,131270008004032
"Brunswick, GA",11026,13,127,000800,4039,131270008004039
"Brunswick, GA",11026,13,127,000800,2013,131270008002013
"Brunswick, GA",11026,13,127,000800,2024,131270008002024
"Brunswick, GA",11026,13,127,000800,2023,131270008002023
"Brunswick, GA",11026,13,127,000800,2045,131270008002045
"Brunswick, GA",11026,13,127,000700,7022,131270007007022
"Brunswick, GA",11026,13,127,000800,2040,131270008002040
"Brunswick, GA",11026,13,127,000800,3023,131270008003023
"Brunswick, GA",11026,13,127,000800,1047,131270008001047
"Brunswick, GA",11026,13,127,000900,1000,131270009001000
"Brunswick, GA",11026,13,127,000900,5064,131270009005064
"Brunswick, GA",11026,13,127,000900,1001,131270009001001
"Brunswick, GA",11026,13,127,000900,1025,131270009001025
"Brunswick, GA",11026,13,127,000900,5080,131270009005080
"Brunswick, GA",11026,13,127,000700,1074,131270007001074
"Brunswick, GA",11026,13,127,000600,1010,131270006001010
"Brunswick, GA",11026,13,127,000700,5016,131270007005016
"Brunswick, GA",11026,13,127,000404,3096,131270004043096
"Brunswick, GA",11026,13,127,000404,3068,131270004043068
"Brunswick, GA",11026,13,127,000404,2001,131270004042001
"Brunswick, GA",11026,13,127,000401,1027,131270004011027
"Brunswick, GA",11026,13,127,000404,3069,131270004043069
"Brunswick, GA",11026,13,127,000404,3110,131270004043110
"Brunswick, GA",11026,13,127,000401,1022,131270004011022
"Brunswick, GA",11026,13,127,000401,1028,131270004011028
"Brunswick, GA",11026,13,127,000404,3043,131270004043043
"Brunswick, GA",11026,13,127,000501,3032,131270005013032
"Brunswick, GA",11026,13,127,000700,7004,131270007007004
"Brunswick, GA",11026,13,127,000501,3014,131270005013014
"Brunswick, GA",11026,13,127,000700,6073,131270007006073
"Brunswick, GA",11026,13,127,000404,3140,131270004043140
"Brunswick, GA",11026,13,127,000404,3035,131270004043035
"Brunswick, GA",11026,13,127,000403,2037,131270004032037
"Brunswick, GA",11026,13,127,000404,3132,131270004043132
"Brunswick, GA",11026,13,127,000404,3098,131270004043098
"Brunswick, GA",11026,13,127,000404,3083,131270004043083
"Brunswick, GA",11026,13,127,001000,2096,131270010002096
"Brunswick, GA",11026,13,127,001000,2132,131270010002132
"Brunswick, GA",11026,13,127,000501,3038,131270005013038
"Brunswick, GA",11026,13,127,000600,1016,131270006001016
"Brunswick, GA",11026,13,127,000600,4012,131270006004012
"Brunswick, GA",11026,13,127,000700,2045,131270007002045
"Brunswick, GA",11026,13,127,000700,2052,131270007002052
"Brunswick, GA",11026,13,127,000700,3025,131270007003025
"Brunswick, GA",11026,13,127,000501,3063,131270005013063
"Brunswick, GA",11026,13,127,000501,2041,131270005012041
"Brunswick, GA",11026,13,127,000600,1011,131270006001011
"Brunswick, GA",11026,13,127,000700,8039,131270007008039
"Brunswick, GA",11026,13,127,000700,7026,131270007007026
"Brunswick, GA",11026,13,127,000800,3032,131270008003032
"Brunswick, GA",11026,13,127,000600,3005,131270006003005
"Brunswick, GA",11026,13,127,000700,6071,131270007006071
"Brunswick, GA",11026,13,127,000700,2034,131270007002034
"Brunswick, GA",11026,13,127,000700,2049,131270007002049
"Brunswick, GA",11026,13,127,000700,8008,131270007008008
"Brunswick, GA",11026,13,127,000700,8011,131270007008011
"Brunswick, GA",11026,13,127,000700,1020,131270007001020
"Brunswick, GA",11026,13,127,000700,1052,131270007001052
"Brunswick, GA",11026,13,127,000600,2013,131270006002013
"Brunswick, GA",11026,13,127,000700,2037,131270007002037
"Brunswick, GA",11026,13,127,000600,1015,131270006001015
"Brunswick, GA",11026,13,127,000503,2012,131270005032012
"Brunswick, GA",11026,13,127,000503,3005,131270005033005
"Brunswick, GA",11026,13,127,000900,5055,131270009005055
"Brunswick, GA",11026,13,127,000900,5078,131270009005078
"Brunswick, GA",11026,13,127,000900,2035,131270009002035
"Brunswick, GA",11026,13,127,000900,1037,131270009001037
"Brunswick, GA",11026,13,127,000900,5054,131270009005054
"Brunswick, GA",11026,13,127,000900,1055,131270009001055
"Brunswick, GA",11026,13,127,000900,5086,131270009005086
"Brunswick, GA",11026,13,127,000900,3006,131270009003006
"Brunswick, GA",11026,13,127,000900,1056,131270009001056
"Brunswick, GA",11026,13,127,000900,2023,131270009002023
"Brunswick, GA",11026,13,127,000900,3031,131270009003031
"Brunswick, GA",11026,13,127,000501,2028,131270005012028
"Brunswick, GA",11026,13,127,000501,2027,131270005012027
"Brunswick, GA",11026,13,127,000900,4027,131270009004027
"Brunswick, GA",11026,13,127,000900,4030,131270009004030
"Brunswick, GA",11026,13,127,000900,4033,131270009004033
"Brunswick, GA",11026,13,127,000900,4042,131270009004042
"Brunswick, GA",11026,13,127,000900,4047,131270009004047
"Brunswick, GA",11026,13,127,000503,3001,131270005033001
"Brunswick, GA",11026,13,127,000700,1068,131270007001068
"Brunswick, GA",11026,13,127,000800,1050,131270008001050
"Brunswick, GA",11026,13,127,000900,1057,131270009001057
"Brunswick, GA",11026,13,127,000900,3034,131270009003034
"Brunswick, GA",11026,13,127,000900,3042,131270009003042
"Brunswick, GA",11026,13,127,000900,3027,131270009003027
"Brunswick, GA",11026,13,127,000900,3022,131270009003022
"Brunswick, GA",11026,13,127,000900,4010,131270009004010
"Brunswick, GA",11026,13,127,000900,4032,131270009004032
"Brunswick, GA",11026,13,127,000404,3127,131270004043127
"Brunswick, GA",11026,13,127,000404,3105,131270004043105
"Brunswick, GA",11026,13,127,000404,3107,131270004043107
"Brunswick, GA",11026,13,127,000404,3130,131270004043130
"Brunswick, GA",11026,13,127,000404,3091,131270004043091
"Brunswick, GA",11026,13,127,000403,1029,131270004031029
"Brunswick, GA",11026,13,127,000404,2017,131270004042017
"Brunswick, GA",11026,13,127,000403,2072,131270004032072
"Brunswick, GA",11026,13,127,000404,3078,131270004043078
"Brunswick, GA",11026,13,127,000404,3135,131270004043135
"Brunswick, GA",11026,13,127,000404,3026,131270004043026
"Brunswick, GA",11026,13,127,000401,3027,131270004013027
"Brunswick, GA",11026,13,127,001000,3034,131270010003034
"Brunswick, GA",11026,13,127,001000,2167,131270010002167
"Brunswick, GA",11026,13,127,001000,2141,131270010002141
"Brunswick, GA",11026,13,127,001000,2195,131270010002195
"Brunswick, GA",11026,13,127,000504,1000,131270005041000
"Brunswick, GA",11026,13,127,000600,1006,131270006001006
"Brunswick, GA",11026,13,127,000600,4016,131270006004016
"Brunswick, GA",11026,13,127,000600,1036,131270006001036
"Brunswick, GA",11026,13,127,000600,4090,131270006004090
"Brunswick, GA",11026,13,127,000600,4063,131270006004063
"Brunswick, GA",11026,13,127,000600,3020,131270006003020
"Brunswick, GA",11026,13,127,000600,3030,131270006003030
"Brunswick, GA",11026,13,127,000600,3038,131270006003038
"Brunswick, GA",11026,13,127,000600,3042,131270006003042
"Brunswick, GA",11026,13,127,000600,1024,131270006001024
"Brunswick, GA",11026,13,127,000504,3016,131270005043016
"Brunswick, GA",11026,13,127,000501,2008,131270005012008
"Brunswick, GA",11026,13,127,000700,8000,131270007008000
"Brunswick, GA",11026,13,127,000700,2003,131270007002003
"Brunswick, GA",11026,13,127,000501,3020,131270005013020
"Brunswick, GA",11026,13,127,000700,3015,131270007003015
"Brunswick, GA",11026,13,127,000700,1066,131270007001066
"Brunswick, GA",11026,13,127,000504,3011,131270005043011
"Brunswick, GA",11026,13,127,000700,1000,131270007001000
"Brunswick, GA",11026,13,127,000700,7029,131270007007029
"Brunswick, GA",11026,13,127,000600,3004,131270006003004
"Brunswick, GA",11026,13,127,000503,2011,131270005032011
"Brunswick, GA",11026,13,127,000503,3053,131270005033053
"Brunswick, GA",11026,13,127,000503,3023,131270005033023
"Brunswick, GA",11026,13,127,000501,2002,131270005012002
"Brunswick, GA",11026,13,127,000501,2003,131270005012003
"Brunswick, GA",11026,13,127,000503,3045,131270005033045
"Brunswick, GA",11026,13,127,000700,4009,131270007004009
"Brunswick, GA",11026,13,127,000501,2031,131270005012031
"Brunswick, GA",11026,13,127,000501,2025,131270005012025
"Brunswick, GA",11026,13,127,000800,3021,131270008003021
"Brunswick, GA",11026,13,127,000503,3038,131270005033038
"Brunswick, GA",11026,13,127,000600,1005,131270006001005
"Brunswick, GA",11026,13,127,000503,3014,131270005033014
"Brunswick, GA",11026,13,127,000700,1048,131270007001048
"Brunswick, GA",11026,13,127,000700,1038,131270007001038
"Brunswick, GA",11026,13,127,000501,3005,131270005013005
"Brunswick, GA",11026,13,127,000800,4031,131270008004031
"Brunswick, GA",11026,13,127,000800,2011,131270008002011
"Brunswick, GA",11026,13,127,000401,3014,131270004013014
"Brunswick, GA",11026,13,127,000403,1018,131270004031018
"Brunswick, GA",11026,13,127,000401,1063,131270004011063
"Brunswick, GA",11026,13,127,000800,2028,131270008002028
"Brunswick, GA",11026,13,127,000800,4041,131270008004041
"Brunswick, GA",11026,13,127,000800,2016,131270008002016
"Brunswick, GA",11026,13,127,000800,2021,131270008002021
"Brunswick, GA",11026,13,127,000800,2039,131270008002039
"Brunswick, GA",11026,13,127,000800,1022,131270008001022
"Brunswick, GA",11026,13,127,000800,3026,131270008003026
"Brunswick, GA",11026,13,127,000800,2033,131270008002033
"Brunswick, GA",11026,13,127,000600,4005,131270006004005
"Brunswick, GA",11026,13,127,000600,1032,131270006001032
"Brunswick, GA",11026,13,127,000600,4009,131270006004009
"Brunswick, GA",11026,13,127,000600,4047,131270006004047
"Brunswick, GA",11026,13,127,000600,3006,131270006003006
"Brunswick, GA",11026,13,127,000700,2057,131270007002057
"Brunswick, GA",11026,13,127,000700,3033,131270007003033
"Brunswick, GA",11026,13,127,000700,1045,131270007001045
"Brunswick, GA",11026,13,127,000700,3019,131270007003019
"Brunswick, GA",11026,13,127,000700,2030,131270007002030
"Brunswick, GA",11026,13,127,000503,2005,131270005032005
"Brunswick, GA",11026,13,127,000504,2011,131270005042011
"Brunswick, GA",11026,13,127,000504,2015,131270005042015
"Brunswick, GA",11026,13,127,000504,3013,131270005043013
"Brunswick, GA",11026,13,127,000600,3010,131270006003010
"Brunswick, GA",11026,13,127,000503,3042,131270005033042
"Brunswick, GA",11026,13,127,000503,3012,131270005033012
"Brunswick, GA",11026,13,127,000700,4001,131270007004001
"Brunswick, GA",11026,13,127,000700,4004,131270007004004
"Brunswick, GA",11026,13,127,000501,2035,131270005012035
"Brunswick, GA",11026,13,127,000700,4010,131270007004010
"Brunswick, GA",11026,13,127,000501,2023,131270005012023
"Brunswick, GA",11026,13,127,000700,5003,131270007005003
"Brunswick, GA",11026,13,127,000700,5012,131270007005012
"Brunswick, GA",11026,13,127,000501,2012,131270005012012
"Brunswick, GA",11026,13,127,000700,5009,131270007005009
"Brunswick, GA",11026,13,127,000600,2020,131270006002020
"Brunswick, GA",11026,13,127,000900,2001,131270009002001
"Brunswick, GA",11026,13,127,000700,1070,131270007001070
"Brunswick, GA",11026,13,127,000600,2031,131270006002031
"Brunswick, GA",11026,13,127,000700,7023,131270007007023
"Brunswick, GA",11026,13,127,000800,3030,131270008003030
"Brunswick, GA",11026,13,127,000900,2005,131270009002005
"Brunswick, GA",11026,13,127,000504,1001,131270005041001
"Brunswick, GA",11026,13,127,000700,6066,131270007006066
"Brunswick, GA",11026,13,127,000700,5026,131270007005026
"Brunswick, GA",11026,13,127,000700,3006,131270007003006
"Brunswick, GA",11026,13,127,000700,3008,131270007003008
"Brunswick, GA",11026,13,127,000501,3015,131270005013015
"Brunswick, GA",11026,13,127,000501,2070,131270005012070
"Brunswick, GA",11026,13,127,000501,2063,131270005012063
"Brunswick, GA",11026,13,127,000700,3045,131270007003045
"Brunswick, GA",11026,13,127,000501,2077,131270005012077
"Brunswick, GA",11026,13,127,000700,8033,131270007008033
"Brunswick, GA",11026,13,127,000501,1000,131270005011000
"Brunswick, GA",11026,13,127,000501,3071,131270005013071
"Brunswick, GA",11026,13,127,000501,1002,131270005011002
"Brunswick, GA",11026,13,127,000501,2020,131270005012020
"Brunswick, GA",11026,13,127,000501,2014,131270005012014
"Brunswick, GA",11026,13,127,000900,5023,131270009005023
"Brunswick, GA",11026,13,127,000600,4091,131270006004091
"Brunswick, GA",11026,13,127,000600,3017,131270006003017
"Brunswick, GA",11026,13,127,000600,3009,131270006003009
"Brunswick, GA",11026,13,127,000600,1043,131270006001043
"Brunswick, GA",11026,13,127,000504,3000,131270005043000
"Brunswick, GA",11026,13,127,000800,4008,131270008004008
"Brunswick, GA",11026,13,127,000800,4025,131270008004025
"Brunswick, GA",11026,13,127,000501,1024,131270005011024
"Brunswick, GA",11026,13,127,000800,2008,131270008002008
"Brunswick, GA",11026,13,127,000800,2007,131270008002007
"Brunswick, GA",11026,13,127,000800,4034,131270008004034
"Brunswick, GA",11026,13,127,000700,1006,131270007001006
"Brunswick, GA",11026,13,127,000503,2004,131270005032004
"Brunswick, GA",11026,13,127,000503,3034,131270005033034
"Brunswick, GA",11026,13,127,000501,2040,131270005012040
"Brunswick, GA",11026,13,127,000700,1032,131270007001032
"Brunswick, GA",11026,13,127,000503,2028,131270005032028
"Brunswick, GA",11026,13,127,000503,2014,131270005032014
"Brunswick, GA",11026,13,127,000600,2011,131270006002011
"Brunswick, GA",11026,13,127,000401,1006,131270004011006
"Brunswick, GA",11026,13,127,000404,3092,131270004043092
"Brunswick, GA",11026,13,127,000404,3133,131270004043133
"Brunswick, GA",11026,13,127,000404,2024,131270004042024
"Brunswick, GA",11026,13,127,000404,3112,131270004043112
"Brunswick, GA",11026,13,127,000404,3116,131270004043116
"Brunswick, GA",11026,13,127,000404,3114,131270004043114
"Brunswick, GA",11026,13,127,000401,1009,131270004011009
"Brunswick, GA",11026,13,127,000401,1010,131270004011010
"Brunswick, GA",11026,13,127,000401,1000,131270004011000
"Brunswick, GA",11026,13,127,000404,2019,131270004042019
"Brunswick, GA",11026,13,127,000401,2103,131270004012103
"Brunswick, GA",11026,13,127,000401,2095,131270004012095
"Brunswick, GA",11026,13,127,000404,3142,131270004043142
"Brunswick, GA",11026,13,127,000401,1059,131270004011059
"Brunswick, GA",11026,13,127,000401,1038,131270004011038
"Brunswick, GA",11026,13,127,000404,3036,131270004043036
"Brunswick, GA",11026,13,127,000401,3052,131270004013052
"Brunswick, GA",11026,13,127,000401,1030,131270004011030
"Brunswick, GA",11026,13,127,000403,1037,131270004031037
"Brunswick, GA",11026,13,127,000401,1060,131270004011060
"Brunswick, GA",11026,13,127,000404,2005,131270004042005
"Brunswick, GA",11026,13,127,000800,1015,131270008001015
"Brunswick, GA",11026,13,127,000700,3020,131270007003020
"Brunswick, GA",11026,13,127,000501,2081,131270005012081
"Brunswick, GA",11026,13,127,000700,6007,131270007006007
"Brunswick, GA",11026,13,127,001000,2095,131270010002095
"Brunswick, GA",11026,13,127,001000,2099,131270010002099
"Brunswick, GA",11026,13,127,001000,4240,131270010004240
"Brunswick, GA",11026,13,127,001000,4243,131270010004243
"Brunswick, GA",11026,13,127,000600,1050,131270006001050
"Brunswick, GA",11026,13,127,000501,1022,131270005011022
"Brunswick, GA",11026,13,127,000700,7028,131270007007028
"Brunswick, GA",11026,13,127,000501,3046,131270005013046
"Brunswick, GA",11026,13,127,000501,1018,131270005011018
"Brunswick, GA",11026,13,127,000800,4022,131270008004022
"Brunswick, GA",11026,13,127,000800,4003,131270008004003
"Brunswick, GA",11026,13,127,000800,2018,131270008002018
"Brunswick, GA",11026,13,127,001000,3052,131270010003052
"Brunswick, GA",11026,13,127,001000,3086,131270010003086
"Brunswick, GA",11026,13,127,001000,3089,131270010003089
"Brunswick, GA",11026,13,127,001000,2184,131270010002184
"Brunswick, GA",11026,13,127,001000,2110,131270010002110
"Brunswick, GA",11026,13,127,001000,4262,131270010004262
"Brunswick, GA",11026,13,127,001000,3048,131270010003048
"Brunswick, GA",11026,13,127,001000,3024,131270010003024
"Brunswick, GA",11026,13,127,000501,2082,131270005012082
"Brunswick, GA",11026,13,127,000700,7005,131270007007005
"Brunswick, GA",11026,13,127,000700,8019,131270007008019
"Brunswick, GA",11026,13,127,000800,3022,131270008003022
"Brunswick, GA",11026,13,127,000700,7001,131270007007001
"Brunswick, GA",11026,13,127,000600,4013,131270006004013
"Brunswick, GA",11026,13,127,000600,4051,131270006004051
"Brunswick, GA",11026,13,127,000600,1037,131270006001037
"Brunswick, GA",11026,13,127,000504,2007,131270005042007
"Brunswick, GA",11026,13,127,000504,2001,131270005042001
"Brunswick, GA",11026,13,127,000504,2010,131270005042010
"Brunswick, GA",11026,13,127,000504,2014,131270005042014
"Brunswick, GA",11026,13,127,000700,1004,131270007001004
"Brunswick, GA",11026,13,127,000600,3001,131270006003001
"Brunswick, GA",11026,13,127,000600,3007,131270006003007
"Brunswick, GA",11026,13,127,000503,1002,131270005031002
"Brunswick, GA",11026,13,127,000501,2009,131270005012009
"Brunswick, GA",11026,13,127,000700,2040,131270007002040
"Brunswick, GA",11026,13,127,000501,2065,131270005012065
"Brunswick, GA",11026,13,127,000501,3013,131270005013013
"Brunswick, GA",11026,13,127,000900,1002,131270009001002
"Brunswick, GA",11026,13,127,000600,3021,131270006003021
"Brunswick, GA",11026,13,127,000700,5025,131270007005025
"Brunswick, GA",11026,13,127,000900,1039,131270009001039
"Brunswick, GA",11026,13,127,000900,3013,131270009003013
"Brunswick, GA",11026,13,127,000900,4000,131270009004000
"Brunswick, GA",11026,13,127,000900,2002,131270009002002
"Brunswick, GA",11026,13,127,000900,4031,131270009004031
"Brunswick, GA",11026,13,127,000700,3002,131270007003002
"Brunswick, GA",11026,13,127,000700,3003,131270007003003
"Brunswick, GA",11026,13,127,000600,1046,131270006001046
"Brunswick, GA",11026,13,127,000600,4044,131270006004044
"Brunswick, GA",11026,13,127,000700,2012,131270007002012
"Brunswick, GA",11026,13,127,000700,2050,131270007002050
"Brunswick, GA",11026,13,127,000404,3109,131270004043109
"Brunswick, GA",11026,13,127,000404,3084,131270004043084
"Brunswick, GA",11026,13,127,000401,3047,131270004013047
"Brunswick, GA",11026,13,127,001000,4249,131270010004249
"Brunswick, GA",11026,13,127,001000,4246,131270010004246
"Brunswick, GA",11026,13,127,000600,4048,131270006004048
"Brunswick, GA",11026,13,127,000600,4036,131270006004036
"Brunswick, GA",11026,13,127,000700,1018,131270007001018
"Brunswick, GA",11026,13,127,000600,4089,131270006004089
"Brunswick, GA",11026,13,127,000600,3024,131270006003024
"Brunswick, GA",11026,13,127,000600,3039,131270006003039
"Brunswick, GA",11026,13,127,000600,3034,131270006003034
"Brunswick, GA",11026,13,127,000700,1062,131270007001062
"Brunswick, GA",11026,13,127,000700,6018,131270007006018
"Brunswick, GA",11026,13,127,000700,6074,131270007006074
"Brunswick, GA",11026,13,127,000700,6079,131270007006079
"Brunswick, GA",11026,13,127,000700,1034,131270007001034
"Brunswick, GA",11026,13,127,000700,4000,131270007004000
"Brunswick, GA",11026,13,127,000503,3036,131270005033036
"Brunswick, GA",11026,13,127,000501,2018,131270005012018
"Brunswick, GA",11026,13,127,000700,5005,131270007005005
"Brunswick, GA",11026,13,127,000501,3070,131270005013070
"Brunswick, GA",11026,13,127,000501,2058,131270005012058
"Brunswick, GA",11026,13,127,000700,5020,131270007005020
"Brunswick, GA",11026,13,127,000501,2048,131270005012048
"Brunswick, GA",11026,13,127,000700,5019,131270007005019
"Brunswick, GA",11026,13,127,000501,2057,131270005012057
"Brunswick, GA",11026,13,127,000700,5028,131270007005028
"Brunswick, GA",11026,13,127,000800,4038,131270008004038
"Brunswick, GA",11026,13,127,000700,5027,131270007005027
"Brunswick, GA",11026,13,127,000600,1041,131270006001041
"Brunswick, GA",11026,13,127,000700,6008,131270007006008
"Brunswick, GA",11026,13,127,000501,3069,131270005013069
"Brunswick, GA",11026,13,127,000503,3039,131270005033039
"Brunswick, GA",11026,13,127,000700,1017,131270007001017
"Brunswick, GA",11026,13,127,000900,1058,131270009001058
"Brunswick, GA",11026,13,127,000404,3141,131270004043141
"Brunswick, GA",11026,13,127,000404,3117,131270004043117
"Brunswick, GA",11026,13,127,000600,1044,131270006001044
"Brunswick, GA",11026,13,127,000504,3005,131270005043005
"Brunswick, GA",11026,13,127,000700,2023,131270007002023
"Brunswick, GA",11026,13,127,000501,2038,131270005012038
"Brunswick, GA",11026,13,127,000501,2046,131270005012046
"Brunswick, GA",11026,13,127,000600,2021,131270006002021
"Brunswick, GA",11026,13,127,000501,3035,131270005013035
"Brunswick, GA",11026,13,127,000700,1072,131270007001072
"Brunswick, GA",11026,13,127,000700,3026,131270007003026
"Brunswick, GA",11026,13,127,000501,2074,131270005012074
"Brunswick, GA",11026,13,127,000700,3035,131270007003035
"Brunswick, GA",11026,13,127,000501,2069,131270005012069
"Brunswick, GA",11026,13,127,000501,3044,131270005013044
"Brunswick, GA",11026,13,127,000401,1016,131270004011016
"Brunswick, GA",11026,13,127,000404,2011,131270004042011
"Brunswick, GA",11026,13,127,000404,2028,131270004042028
"Brunswick, GA",11026,13,127,000401,3021,131270004013021
"Brunswick, GA",11026,13,127,000401,1050,131270004011050
"Brunswick, GA",11026,13,127,000401,1031,131270004011031
"Brunswick, GA",11026,13,127,000403,1039,131270004031039
"Brunswick, GA",11026,13,127,000403,1040,131270004031040
"Brunswick, GA",11026,13,127,000404,2007,131270004042007
"Brunswick, GA",11026,13,127,000501,3067,131270005013067
"Brunswick, GA",11026,13,127,000700,8016,131270007008016
"Brunswick, GA",11026,13,127,000700,8015,131270007008015
"Brunswick, GA",11026,13,127,000700,8031,131270007008031
"Brunswick, GA",11026,13,127,000501,3053,131270005013053
"Brunswick, GA",11026,13,127,000700,8035,131270007008035
"Brunswick, GA",11026,13,127,000700,7006,131270007007006
"Brunswick, GA",11026,13,127,000700,7016,131270007007016
"Brunswick, GA",11026,13,127,000501,2076,131270005012076
"Brunswick, GA",11026,13,127,000600,4059,131270006004059
"Brunswick, GA",11026,13,127,000600,1039,131270006001039
"Brunswick, GA",11026,13,127,000600,1042,131270006001042
"Brunswick, GA",11026,13,127,000800,4035,131270008004035
"Brunswick, GA",11026,13,127,000800,3003,131270008003003
"Brunswick, GA",11026,13,127,000800,2022,131270008002022
"Brunswick, GA",11026,13,127,000800,2026,131270008002026
"Brunswick, GA",11026,13,127,000800,2012,131270008002012
"Brunswick, GA",11026,13,127,000800,3010,131270008003010
"Brunswick, GA",11026,13,127,000800,2044,131270008002044
"Brunswick, GA",11026,13,127,000800,2047,131270008002047
"Brunswick, GA",11026,13,127,000700,7012,131270007007012
"Brunswick, GA",11026,13,127,000501,1010,131270005011010
"Brunswick, GA",11026,13,127,000800,2042,131270008002042
"Brunswick, GA",11026,13,127,000800,3031,131270008003031
"Brunswick, GA",11026,13,127,000800,1039,131270008001039
"Brunswick, GA",11026,13,127,000900,5062,131270009005062
"Brunswick, GA",11026,13,127,000800,1067,131270008001067
"Brunswick, GA",11026,13,127,000900,1008,131270009001008
"Brunswick, GA",11026,13,127,000900,1029,131270009001029
"Brunswick, GA",11026,13,127,000900,1011,131270009001011
"Brunswick, GA",11026,13,127,000900,1022,131270009001022
"Brunswick, GA",11026,13,127,000900,1020,131270009001020
"Brunswick, GA",11026,13,127,000900,5081,131270009005081
"Brunswick, GA",11026,13,127,000900,5098,131270009005098
"Brunswick, GA",11026,13,127,000900,5089,131270009005089
"Brunswick, GA",11026,13,127,000900,1050,131270009001050
"Brunswick, GA",11026,13,127,000900,1035,131270009001035
"Brunswick, GA",11026,13,127,000900,3003,131270009003003
"Brunswick, GA",11026,13,127,000900,2024,131270009002024
"Brunswick, GA",11026,13,127,000900,3021,131270009003021
"Brunswick, GA",11026,13,127,000900,4003,131270009004003
"Brunswick, GA",11026,13,127,000600,4006,131270006004006
"Brunswick, GA",11026,13,127,000600,1049,131270006001049
"Brunswick, GA",11026,13,127,000900,4004,131270009004004
"Brunswick, GA",11026,13,127,000900,4025,131270009004025
"Brunswick, GA",11026,13,127,000600,3015,131270006003015
"Brunswick, GA",11026,13,127,000501,1014,131270005011014
"Brunswick, GA",11026,13,127,000600,1000,131270006001000
"Brunswick, GA",11026,13,127,000504,3015,131270005043015
"Brunswick, GA",11026,13,127,000600,2005,131270006002005
"Brunswick, GA",11026,13,127,000503,3009,131270005033009
"Brunswick, GA",11026,13,127,000700,4012,131270007004012
"Brunswick, GA",11026,13,127,000501,2054,131270005012054
"Brunswick, GA",11026,13,127,000800,1059,131270008001059
"Brunswick, GA",11026,13,127,000900,1003,131270009001003
"Brunswick, GA",11026,13,127,000900,5068,131270009005068
"Brunswick, GA",11026,13,127,000900,5082,131270009005082
"Brunswick, GA",11026,13,127,000900,5084,131270009005084
"Brunswick, GA",11026,13,127,000600,4004,131270006004004
"Brunswick, GA",11026,13,127,000700,2008,131270007002008
"Brunswick, GA",11026,13,127,000900,2010,131270009002010
"Brunswick, GA",11026,13,127,000501,3033,131270005013033
"Brunswick, GA",11026,13,127,000700,2044,131270007002044
"Brunswick, GA",11026,13,127,000700,6054,131270007006054
"Brunswick, GA",11026,13,127,000503,3006,131270005033006
"Brunswick, GA",11026,13,127,000501,2067,131270005012067
"Brunswick, GA",11026,13,127,000501,2053,131270005012053
"Brunswick, GA",11026,13,127,000700,3038,131270007003038
"Brunswick, GA",11026,13,127,000501,2071,131270005012071
"Brunswick, GA",11026,13,127,000700,3016,131270007003016
"Brunswick, GA",11026,13,127,000501,2078,131270005012078
"Brunswick, GA",11026,13,127,000501,2080,131270005012080
"Brunswick, GA",11026,13,127,000501,2079,131270005012079
"Brunswick, GA",11026,13,127,000501,3064,131270005013064
"Brunswick, GA",11026,13,127,000700,8020,131270007008020
"Brunswick, GA",11026,13,127,000700,8023,131270007008023
"Brunswick, GA",11026,13,127,000700,8030,131270007008030
"Brunswick, GA",11026,13,127,000501,3016,131270005013016
"Brunswick, GA",11026,13,127,000501,1003,131270005011003
"Brunswick, GA",11026,13,127,000700,6004,131270007006004
"Brunswick, GA",11026,13,127,000700,6005,131270007006005
"Brunswick, GA",11026,13,127,000501,1023,131270005011023
"Brunswick, GA",11026,13,127,000800,4013,131270008004013
"Brunswick, GA",11026,13,127,000800,4024,131270008004024
"Brunswick, GA",11026,13,127,000501,1025,131270005011025
"Brunswick, GA",11026,13,127,000800,3012,131270008003012
"Brunswick, GA",11026,13,127,000800,4040,131270008004040
"Brunswick, GA",11026,13,127,000800,2030,131270008002030
"Brunswick, GA",11026,13,127,000503,3031,131270005033031
"Brunswick, GA",11026,13,127,000700,6006,131270007006006
"Brunswick, GA",11026,13,127,000700,1022,131270007001022
"Brunswick, GA",11026,13,127,000501,2029,131270005012029
"Brunswick, GA",11026,13,127,000501,2036,131270005012036
"Brunswick, GA",11026,13,127,000600,1003,131270006001003
"Brunswick, GA",11026,13,127,000700,2016,131270007002016
"Brunswick, GA",11026,13,127,000700,2017,131270007002017
"Brunswick, GA",11026,13,127,000404,2026,131270004042026
"Brunswick, GA",11026,13,127,000403,2033,131270004032033
"Brunswick, GA",11026,13,127,000404,3077,131270004043077
"Brunswick, GA",11026,13,127,000404,3094,131270004043094
"Brunswick, GA",11026,13,127,000401,1002,131270004011002
"Brunswick, GA",11026,13,127,000404,3137,131270004043137
"Brunswick, GA",11026,13,127,000404,3144,131270004043144
"Brunswick, GA",11026,13,127,000401,1044,131270004011044
"Brunswick, GA",11026,13,127,000700,8001,131270007008001
"Brunswick, GA",11026,13,127,000700,2021,131270007002021
"Brunswick, GA",11026,13,127,000700,7011,131270007007011
"Brunswick, GA",11026,13,127,000600,2014,131270006002014
"Brunswick, GA",11026,13,127,000800,4033,131270008004033
"Brunswick, GA",11026,13,127,000800,2006,131270008002006
"Brunswick, GA",11026,13,127,000700,8002,131270007008002
"Brunswick, GA",11026,13,127,000501,2052,131270005012052
"Brunswick, GA",11026,13,127,000800,4043,131270008004043
"Brunswick, GA",11026,13,127,000800,4027,131270008004027
"Brunswick, GA",11026,13,127,000700,7003,131270007007003
"Brunswick, GA",11026,13,127,000501,3060,131270005013060
"Brunswick, GA",11026,13,127,000800,2046,131270008002046
"Brunswick, GA",11026,13,127,000600,1030,131270006001030
"Brunswick, GA",11026,13,127,000700,2007,131270007002007
"Brunswick, GA",11026,13,127,000700,6080,131270007006080
"Brunswick, GA",11026,13,127,000700,2006,131270007002006
"Brunswick, GA",11026,13,127,000600,1029,131270006001029
"Brunswick, GA",11026,13,127,000700,2026,131270007002026
"Brunswick, GA",11026,13,127,000700,2046,131270007002046
"Brunswick, GA",11026,13,127,000700,6052,131270007006052
"Brunswick, GA",11026,13,127,000700,6047,131270007006047
"Brunswick, GA",11026,13,127,000700,6055,131270007006055
"Brunswick, GA",11026,13,127,000700,3042,131270007003042
"Brunswick, GA",11026,13,127,000700,8009,131270007008009
"Brunswick, GA",11026,13,127,000700,8025,131270007008025
"Brunswick, GA",11026,13,127,000700,8040,131270007008040
"Brunswick, GA",11026,13,127,000600,4011,131270006004011
"Brunswick, GA",11026,13,127,000600,3044,131270006003044
"Brunswick, GA",11026,13,127,000700,2001,131270007002001
"Brunswick, GA",11026,13,127,000503,1000,131270005031000
"Brunswick, GA",11026,13,127,000503,3049,131270005033049
"Brunswick, GA",11026,13,127,000700,5017,131270007005017
"Brunswick, GA",11026,13,127,000800,3017,131270008003017
"Brunswick, GA",11026,13,127,000900,1051,131270009001051
"Brunswick, GA",11026,13,127,000501,2005,131270005012005
"Brunswick, GA",11026,13,127,000503,3032,131270005033032
"Brunswick, GA",11026,13,127,000503,3047,131270005033047
"Brunswick, GA",11026,13,127,000501,3002,131270005013002
"Brunswick, GA",11026,13,127,000504,3019,131270005043019
"Brunswick, GA",11026,13,127,000800,2010,131270008002010
"Brunswick, GA",11026,13,127,000900,5099,131270009005099
"Brunswick, GA",11026,13,127,000503,2002,131270005032002
"Brunswick, GA",11026,13,127,000800,1018,131270008001018
"Brunswick, GA",11026,13,127,000900,3045,131270009003045
"Brunswick, GA",11026,13,127,000501,3057,131270005013057
"Brunswick, GA",11026,13,127,000501,3052,131270005013052
"Brunswick, GA",11026,13,127,000501,2066,131270005012066
"Brunswick, GA",11026,13,127,000700,3039,131270007003039
"Brunswick, GA",11026,13,127,000700,3022,131270007003022
"Brunswick, GA",11026,13,127,000501,2034,131270005012034
"Brunswick, GA",11026,13,127,000600,3019,131270006003019
"Brunswick, GA",11026,13,127,000800,3009,131270008003009
"Brunswick, GA",11026,13,127,000800,3029,131270008003029
"Brunswick, GA",11026,13,127,000800,3016,131270008003016
"Brunswick, GA",11026,13,127,000503,3022,131270005033022
"Brunswick, GA",11026,13,127,000600,1001,131270006001001
"Brunswick, GA",11026,13,127,000600,4007,131270006004007
"Brunswick, GA",11026,13,127,000504,3008,131270005043008
"Brunswick, GA",11026,13,127,000700,1007,131270007001007
"Brunswick, GA",11026,13,127,000401,1029,131270004011029
"Brunswick, GA",11026,13,127,000401,1008,131270004011008
"Brunswick, GA",11026,13,127,000401,1026,131270004011026
"Brunswick, GA",11026,13,127,000404,3072,131270004043072
"Brunswick, GA",11026,13,127,000404,3121,131270004043121
"Brunswick, GA",11026,13,127,000404,3138,131270004043138
"Brunswick, GA",11026,13,127,000800,2027,131270008002027
"Brunswick, GA",11026,13,127,000800,2038,131270008002038
"Brunswick, GA",11026,13,127,000800,3008,131270008003008
"Brunswick, GA",11026,13,127,000800,2036,131270008002036
"Brunswick, GA",11026,13,127,000800,2037,131270008002037
"Brunswick, GA",11026,13,127,000501,1007,131270005011007
"Brunswick, GA",11026,13,127,000700,7018,131270007007018
"Brunswick, GA",11026,13,127,000800,1048,131270008001048
"Brunswick, GA",11026,13,127,000800,1031,131270008001031
"Brunswick, GA",11026,13,127,000800,1045,131270008001045
"Brunswick, GA",11026,13,127,000800,1040,131270008001040
"Brunswick, GA",11026,13,127,000800,1061,131270008001061
"Brunswick, GA",11026,13,127,000900,1006,131270009001006
"Brunswick, GA",11026,13,127,000900,5058,131270009005058
"Brunswick, GA",11026,13,127,000900,5079,131270009005079
"Brunswick, GA",11026,13,127,000900,3004,131270009003004
"Brunswick, GA",11026,13,127,000900,1048,131270009001048
"Brunswick, GA",11026,13,127,000401,1048,131270004011048
"Brunswick, GA",11026,13,127,000404,3025,131270004043025
"Brunswick, GA",11026,13,127,000404,3064,131270004043064
"Brunswick, GA",11026,13,127,000401,3040,131270004013040
"Brunswick, GA",11026,13,127,000404,3045,131270004043045
"Brunswick, GA",11026,13,127,000401,1040,131270004011040
"Brunswick, GA",11026,13,127,000401,3036,131270004013036
"Brunswick, GA",11026,13,127,000404,2009,131270004042009
"Brunswick, GA",11026,13,127,000700,1028,131270007001028
"Brunswick, GA",11026,13,127,000700,6009,131270007006009
"Brunswick, GA",11026,13,127,000700,6076,131270007006076
"Brunswick, GA",11026,13,127,000700,2002,131270007002002
"Brunswick, GA",11026,13,127,000600,4018,131270006004018
"Brunswick, GA",11026,13,127,000600,2007,131270006002007
"Brunswick, GA",11026,13,127,000504,2008,131270005042008
"Brunswick, GA",11026,13,127,000700,1001,131270007001001
"Brunswick, GA",11026,13,127,000503,1003,131270005031003
"Brunswick, GA",11026,13,127,000503,3026,131270005033026
"Brunswick, GA",11026,13,127,000700,1003,131270007001003
"Brunswick, GA",11026,13,127,000503,2010,131270005032010
"Brunswick, GA",11026,13,127,000501,2045,131270005012045
"Brunswick, GA",11026,13,127,000700,3021,131270007003021
"Brunswick, GA",11026,13,127,000700,3004,131270007003004
"Brunswick, GA",11026,13,127,000800,2009,131270008002009
"Brunswick, GA",11026,13,127,000700,1036,131270007001036
"Brunswick, GA",11026,13,127,000503,2007,131270005032007
"Brunswick, GA",11026,13,127,000503,2018,131270005032018
"Brunswick, GA",11026,13,127,000501,2000,131270005012000
"Brunswick, GA",11026,13,127,000700,7014,131270007007014
"Brunswick, GA",11026,13,127,000800,2031,131270008002031
"Brunswick, GA",11026,13,127,000800,1025,131270008001025
"Brunswick, GA",11026,13,127,000800,2043,131270008002043
"Brunswick, GA",11026,13,127,000800,1055,131270008001055
"Brunswick, GA",11026,13,127,000800,1054,131270008001054
"Brunswick, GA",11026,13,127,000800,1037,131270008001037
"Brunswick, GA",11026,13,127,000800,1035,131270008001035
"Brunswick, GA",11026,13,127,000800,1057,131270008001057
"Brunswick, GA",11026,13,127,000900,5060,131270009005060
"Brunswick, GA",11026,13,127,000800,1074,131270008001074
"Brunswick, GA",11026,13,127,000900,1024,131270009001024
"Brunswick, GA",11026,13,127,000900,1023,131270009001023
"Brunswick, GA",11026,13,127,000900,1040,131270009001040
"Brunswick, GA",11026,13,127,000900,1019,131270009001019
"Brunswick, GA",11026,13,127,000900,1032,131270009001032
"Brunswick, GA",11026,13,127,000900,5075,131270009005075
"Brunswick, GA",11026,13,127,000900,5074,131270009005074
"Brunswick, GA",11026,13,127,000900,5096,131270009005096
"Brunswick, GA",11026,13,127,000900,5091,131270009005091
"Brunswick, GA",11026,13,127,000900,5090,131270009005090
"Brunswick, GA",11026,13,127,000900,3024,131270009003024
"Brunswick, GA",11026,13,127,000900,3020,131270009003020
"Brunswick, GA",11026,13,127,000900,3037,131270009003037
"Brunswick, GA",11026,13,127,000900,4016,131270009004016
"Brunswick, GA",11026,13,127,000501,2026,131270005012026
"Brunswick, GA",11026,13,127,000900,4006,131270009004006
"Brunswick, GA",11026,13,127,000900,4009,131270009004009
"Brunswick, GA",11026,13,127,000900,2014,131270009002014
"Brunswick, GA",11026,13,127,000900,4019,131270009004019
"Brunswick, GA",11026,13,127,000900,4034,131270009004034
"Brunswick, GA",11026,13,127,000900,4045,131270009004045
"Brunswick, GA",11026,13,127,000900,5024,131270009005024
"Brunswick, GA",11026,13,127,000501,3041,131270005013041
"Brunswick, GA",11026,13,127,000600,2006,131270006002006
"Brunswick, GA",11026,13,127,000700,3036,131270007003036
"Brunswick, GA",11026,13,127,000501,2030,131270005012030
"Brunswick, GA",11026,13,127,000900,3018,131270009003018
"Brunswick, GA",11026,13,127,000900,3025,131270009003025
"Brunswick, GA",11026,13,127,000900,4038,131270009004038
"Brunswick, GA",11026,13,127,000900,2018,131270009002018
"Brunswick, GA",11026,13,127,000900,2015,131270009002015
"Brunswick, GA",11026,13,127,000501,3055,131270005013055
"Brunswick, GA",11026,13,127,000401,1046,131270004011046
"Brunswick, GA",11026,13,127,000401,1042,131270004011042
"Brunswick, GA",11026,13,127,000403,1027,131270004031027
"Brunswick, GA",11026,13,127,000404,3131,131270004043131
"Brunswick, GA",11026,13,127,000404,3088,131270004043088
"Brunswick, GA",11026,13,127,000404,3101,131270004043101
"Brunswick, GA",11026,13,127,000403,1024,131270004031024
"Brunswick, GA",11026,13,127,000401,1069,131270004011069
"Brunswick, GA",11026,13,127,000404,2018,131270004042018
"Brunswick, GA",11026,13,127,000404,3125,131270004043125
"Brunswick, GA",11026,13,127,000404,3028,131270004043028
"Brunswick, GA",11026,13,127,000401,3026,131270004013026
"Brunswick, GA",11026,13,127,000403,1030,131270004031030
"Brunswick, GA",11026,13,127,000401,3039,131270004013039
"Brunswick, GA",11026,13,127,000501,3049,131270005013049
"Brunswick, GA",11026,13,127,000700,7027,131270007007027
"Brunswick, GA",11026,13,127,000900,5095,131270009005095
"Brunswick, GA",11026,13,127,000600,4087,131270006004087
"Brunswick, GA",11026,13,127,000700,8014,131270007008014
"Brunswick, GA",11026,13,127,000900,3036,131270009003036
"Brunswick, GA",11026,13,127,000700,1019,131270007001019
"Brunswick, GA",11026,13,127,000600,1022,131270006001022
"Brunswick, GA",11026,13,127,000503,3015,131270005033015
"Brunswick, GA",11026,13,127,000700,1053,131270007001053
"Brunswick, GA",11026,13,127,000700,1071,131270007001071
"Brunswick, GA",11026,13,127,000700,1055,131270007001055
"Brunswick, GA",11026,13,127,000503,2031,131270005032031
"Brunswick, GA",11026,13,127,000503,3040,131270005033040
"Brunswick, GA",11026,13,127,000503,2035,131270005032035
"Brunswick, GA",11026,13,127,000700,5006,131270007005006
"Brunswick, GA",11026,13,127,000501,2050,131270005012050
"Brunswick, GA",11026,13,127,001000,3022,131270010003022
"Brunswick, GA",11026,13,127,001000,3007,131270010003007
"Brunswick, GA",11026,13,127,001000,2125,131270010002125
"Brunswick, GA",11026,13,127,001000,3043,131270010003043
"Brunswick, GA",11026,13,127,000700,3044,131270007003044
"Brunswick, GA",11026,13,127,000700,8005,131270007008005
"Brunswick, GA",11026,13,127,000700,8007,131270007008007
"Brunswick, GA",11026,13,127,000700,8012,131270007008012
"Brunswick, GA",11026,13,127,000501,2062,131270005012062
"Brunswick, GA",11026,13,127,000501,3012,131270005013012
"Brunswick, GA",11026,13,127,001000,3026,131270010003026
"Brunswick, GA",11026,13,127,000600,2012,131270006002012
"Brunswick, GA",11026,13,127,000600,1048,131270006001048
"Brunswick, GA",11026,13,127,000600,4067,131270006004067
"Brunswick, GA",11026,13,127,000600,1007,131270006001007
"Brunswick, GA",11026,13,127,000600,1013,131270006001013
"Brunswick, GA",11026,13,127,000600,1014,131270006001014
"Brunswick, GA",11026,13,127,000700,2047,131270007002047
"Brunswick, GA",11026,13,127,000700,6046,131270007006046
"Brunswick, GA",11026,13,127,000501,2049,131270005012049
"Brunswick, GA",11026,13,127,000501,2073,131270005012073
"Brunswick, GA",11026,13,127,000800,4021,131270008004021
"Brunswick, GA",11026,13,127,000600,1040,131270006001040
"Brunswick, GA",11026,13,127,000501,2075,131270005012075
"Brunswick, GA",11026,13,127,000501,2055,131270005012055
"Brunswick, GA",11026,13,127,001000,2105,131270010002105
"Brunswick, GA",11026,13,127,001000,4256,131270010004256
"Brunswick, GA",11026,13,127,001000,2094,131270010002094
"Brunswick, GA",11026,13,127,000503,2033,131270005032033
"Brunswick, GA",11026,13,127,000503,3048,131270005033048
"Brunswick, GA",11026,13,127,000504,3018,131270005043018
"Brunswick, GA",11026,13,127,000503,3051,131270005033051
"Brunswick, GA",11026,13,127,000600,1018,131270006001018
"Brunswick, GA",11026,13,127,000700,6065,131270007006065
"Brunswick, GA",11026,13,127,000900,5100,131270009005100
"Brunswick, GA",11026,13,127,000900,1046,131270009001046
"Brunswick, GA",11026,13,127,000900,3015,131270009003015
"Brunswick, GA",11026,13,127,000900,3010,131270009003010
"Brunswick, GA",11026,13,127,000900,3011,131270009003011
"Brunswick, GA",11026,13,127,000900,2031,131270009002031
"Brunswick, GA",11026,13,127,000900,3014,131270009003014
"Brunswick, GA",11026,13,127,000900,2029,131270009002029
"Brunswick, GA",11026,13,127,000900,3028,131270009003028
"Brunswick, GA",11026,13,127,000900,3040,131270009003040
"Brunswick, GA",11026,13,127,000900,2043,131270009002043
"Brunswick, GA",11026,13,127,000401,1053,131270004011053
"Brunswick, GA",11026,13,127,001000,3021,131270010003021
"Brunswick, GA",11026,13,127,001000,3030,131270010003030
"Brunswick, GA",11026,13,127,001000,2103,131270010002103
"Brunswick, GA",11026,13,127,001000,3033,131270010003033
"Brunswick, GA",11026,13,127,000700,6053,131270007006053
"Brunswick, GA",11026,13,127,000700,3040,131270007003040
"Brunswick, GA",11026,13,127,000700,8028,131270007008028
"Brunswick, GA",11026,13,127,000600,1017,131270006001017
"Brunswick, GA",11026,13,127,000700,5004,131270007005004
"Brunswick, GA",11026,13,127,001000,4257,131270010004257
"Brunswick, GA",11026,13,127,000800,1013,131270008001013
"Brunswick, GA",11026,13,127,000700,3000,131270007003000
"Brunswick, GA",11026,13,127,000503,2020,131270005032020
"Brunswick, GA",11026,13,127,000503,2024,131270005032024
"Brunswick, GA",11026,13,127,000800,1036,131270008001036
"Brunswick, GA",11026,13,127,000800,1038,131270008001038
"Brunswick, GA",11026,13,127,000503,2027,131270005032027
"Brunswick, GA",11026,13,127,000900,4015,131270009004015
"Brunswick, GA",11026,13,127,000900,4005,131270009004005
"Brunswick, GA",11026,13,127,000900,4018,131270009004018
"Brunswick, GA",11026,13,127,000900,4028,131270009004028
"Brunswick, GA",11026,13,127,000401,1056,131270004011056
"Brunswick, GA",11026,13,127,000404,3081,131270004043081
"Brunswick, GA",11026,13,127,000404,3085,131270004043085
"Brunswick, GA",11026,13,127,000404,3066,131270004043066
"Brunswick, GA",11026,13,127,001000,4332,131270010004332
"Brunswick, GA",11026,13,127,001000,2126,131270010002126
"Brunswick, GA",11026,13,127,001000,2097,131270010002097
"Brunswick, GA",11026,13,127,001000,2196,131270010002196
"Brunswick, GA",11026,13,127,000600,2018,131270006002018
"Brunswick, GA",11026,13,127,000600,2022,131270006002022
"Brunswick, GA",11026,13,127,000600,3029,131270006003029
"Brunswick, GA",11026,13,127,000600,4061,131270006004061
"Brunswick, GA",11026,13,127,000504,3006,131270005043006
"Brunswick, GA",11026,13,127,000503,3030,131270005033030
"Brunswick, GA",11026,13,127,000501,3000,131270005013000
"Brunswick, GA",11026,13,127,000503,2022,131270005032022
"Brunswick, GA",11026,13,127,000600,3013,131270006003013
"Brunswick, GA",11026,13,127,000600,3045,131270006003045
"Brunswick, GA",11026,13,127,000700,8034,131270007008034
"Brunswick, GA",11026,13,127,000700,1060,131270007001060
"Brunswick, GA",11026,13,127,000504,1003,131270005041003
"Brunswick, GA",11026,13,127,000503,2008,131270005032008
"Brunswick, GA",11026,13,127,000900,3044,131270009003044
"Brunswick, GA",11026,13,127,000900,4029,131270009004029
"Brunswick, GA",11026,13,127,000900,4026,131270009004026
"Brunswick, GA",11026,13,127,000503,2036,131270005032036
"Brunswick, GA",11026,13,127,000501,2016,131270005012016
"Brunswick, GA",11026,13,127,000700,2014,131270007002014
"Brunswick, GA",11026,13,127,000600,3026,131270006003026
"Brunswick, GA",11026,13,127,000700,1025,131270007001025
"Brunswick, GA",11026,13,127,000503,2017,131270005032017
"Brunswick, GA",11026,13,127,000403,1038,131270004031038
"Brunswick, GA",11026,13,127,000401,3030,131270004013030
"Brunswick, GA",11026,13,127,000404,2038,131270004042038
"Brunswick, GA",11026,13,127,000404,2036,131270004042036
"Brunswick, GA",11026,13,127,001000,4265,131270010004265
"Brunswick, GA",11026,13,127,001000,2191,131270010002191
"Brunswick, GA",11026,13,127,001000,2091,131270010002091
"Brunswick, GA",11026,13,127,001000,2109,131270010002109
"Brunswick, GA",11026,13,127,001000,3083,131270010003083
"Brunswick, GA",11026,13,127,001000,3046,131270010003046
"Brunswick, GA",11026,13,127,001000,2193,131270010002193
"Brunswick, GA",11026,13,127,000600,3031,131270006003031
"Brunswick, GA",11026,13,127,000600,3043,131270006003043
"Brunswick, GA",11026,13,127,000700,6000,131270007006000
"Brunswick, GA",11026,13,127,000600,3035,131270006003035
"Brunswick, GA",11026,13,127,000700,3028,131270007003028
"Brunswick, GA",11026,13,127,000700,3032,131270007003032
"Brunswick, GA",11026,13,127,000700,8006,131270007008006
"Brunswick, GA",11026,13,127,000700,8037,131270007008037
"Brunswick, GA",11026,13,127,000600,1009,131270006001009
"Brunswick, GA",11026,13,127,000700,8027,131270007008027
"Brunswick, GA",11026,13,127,000600,4079,131270006004079
"Brunswick, GA",11026,13,127,000501,2042,131270005012042
"Brunswick, GA",11026,13,127,000700,1067,131270007001067
"Brunswick, GA",11026,13,127,000800,4001,131270008004001
"Brunswick, GA",11026,13,127,000503,3011,131270005033011
"Brunswick, GA",11026,13,127,000700,2036,131270007002036
"Brunswick, GA",11026,13,127,000504,2004,131270005042004
"Brunswick, GA",11026,13,127,000600,3036,131270006003036
"Brunswick, GA",11026,13,127,000900,5092,131270009005092
"Brunswick, GA",11026,13,127,000800,2003,131270008002003
"Brunswick, GA",11026,13,127,000600,4017,131270006004017
"Brunswick, GA",11026,13,127,000504,2000,131270005042000
"Brunswick, GA",11026,13,127,000504,3002,131270005043002
"Brunswick, GA",11026,13,127,000503,2001,131270005032001
"Brunswick, GA",11026,13,127,000700,1005,131270007001005
"Brunswick, GA",11026,13,127,000503,2038,131270005032038
"Brunswick, GA",11026,13,127,000503,3017,131270005033017
"Brunswick, GA",11026,13,127,000700,1010,131270007001010
"Brunswick, GA",11026,13,127,000700,6077,131270007006077
"Brunswick, GA",11026,13,127,000503,3003,131270005033003
